session_id,customer_id,session_start,device_type,traffic_source,experiment_group,session_duration_sec,completed_order,order_value
CS0000001,,2026-03-02 00:00:46,Android,Direct,control,220,1,3601
CS0000002,,2026-03-02 00:01:10,Android,Direct,treatment,273,1,3071
CS0000003,C019176,2026-03-02 00:02:09,Android,Direct,treatment,334,0,
CS0000004,,2026-03-02 00:02:17,Desktop,App,control,91,1,3779
CS0000005,C028837,2026-03-02 00:02:25,Android,App,control,72,0,
CS0000006,C009989,2026-03-02 00:03:49,Android,App,control,123,1,5069
CS0000007,C000016,2026-03-02 00:04:41,iOS,App,treatment,102,1,10225
CS0000008,C012437,2026-03-02 00:05:31,Android,App,treatment,328,0,
CS0000009,C024990,2026-03-02 00:05:40,iOS,Direct,treatment,78,1,2579
CS0000010,,2026-03-02 00:06:01,Android,App,treatment,152,1,1263
CS0000011,C021350,2026-03-02 00:06:02,Desktop,App,control,126,1,5418
CS0000012,,2026-03-02 00:06:14,Desktop,Organic Search,treatment,191,0,
CS0000013,C027505,2026-03-02 00:06:51,iOS,Paid Social,treatment,338,1,3173
CS0000014,C001414,2026-03-02 00:07:02,Desktop,Direct,control,186,0,
CS0000015,C005203,2026-03-02 00:08:34,Desktop,App,treatment,173,0,
CS0000016,C010777,2026-03-02 00:08:46,iOS,App,control,156,0,
CS0000017,,2026-03-02 00:09:24,Android,Organic Search,control,86,1,3342
CS0000018,,2026-03-02 00:09:59,Android,Paid Social,treatment,102,1,8854
CS0000019,C015397,2026-03-02 00:12:31,Android,Paid Social,control,236,1,20592
CS0000020,C011349,2026-03-02 00:12:39,Desktop,Paid Social,treatment,94,1,9762
CS0000021,,2026-03-02 00:14:58,Desktop,Direct,treatment,88,0,
CS0000022,C024282,2026-03-02 00:16:28,Android,App,control,217,0,
CS0000023,C012240,2026-03-02 00:17:25,iOS,App,treatment,183,1,2557
CS0000024,C025633,2026-03-02 00:17:29,Desktop,App,treatment,473,1,23502
CS0000025,C012259,2026-03-02 00:18:14,Android,App,treatment,218,0,
CS0000026,C015540,2026-03-02 00:18:38,Android,Organic Search,control,220,0,
CS0000027,C023734,2026-03-02 00:19:24,Android,App,treatment,243,0,
CS0000028,C025897,2026-03-02 00:19:35,Android,App,treatment,108,1,9050
CS0000029,,2026-03-02 00:20:20,Android,Direct,control,89,0,
CS0000030,,2026-03-02 00:20:49,Desktop,Direct,treatment,0,0,
CS0000031,,2026-03-02 00:22:07,iOS,Organic Search,treatment,88,1,6806
CS0000032,C020686,2026-03-02 00:22:14,Android,App,treatment,66,1,5768
CS0000033,C012481,2026-03-02 00:24:04,Desktop,Organic Search,control,295,1,4438
CS0000034,C029232,2026-03-02 00:25:25,Android,Paid Social,control,287,0,
CS0000035,C001742,2026-03-02 00:25:37,Android,Referral,treatment,192,1,11118
CS0000036,C028004,2026-03-02 00:26:00,Android,App,control,117,1,2267
CS0000037,,2026-03-02 00:26:55,Android,Organic Search,treatment,158,0,
CS0000038,,2026-03-02 00:27:17,Android,Paid Social,treatment,305,0,
CS0000039,C022453,2026-03-02 00:27:26,Android,App,control,131,1,4130
CS0000040,C014395,2026-03-02 00:27:43,Desktop,App,control,120,1,12159
CS0000041,C003670,2026-03-02 00:27:48,Android,Organic Search,treatment,411,0,
CS0000042,C018244,2026-03-02 00:28:23,Android,App,treatment,154,1,10173
CS0000043,,2026-03-02 00:28:39,Android,App,treatment,248,1,1475
CS0000044,C014926,2026-03-02 00:28:44,Android,App,treatment,180,0,
CS0000045,C002646,2026-03-02 00:29:01,Desktop,Paid Social,Control,229,0,
CS0000046,,2026-03-02 00:29:24,Android,Organic Search,treatment,161,1,9585
CS0000047,C003221,2026-03-02 00:30:44,Desktop,App,treatment,94,1,2088
CS0000048,C012252,2026-03-02 00:31:07,iOS,App,control,318,1,1966
CS0000049,,2026-03-02 00:31:41,Desktop,Organic Search,control,235,0,
CS0000050,C019934,2026-03-02 00:31:41,Android,Direct,control,157,0,
CS0000051,C021935,2026-03-02 00:31:43,Android,Organic Search,control,256,1,2686
CS0000052,C005175,2026-03-02 00:31:44,iOS,Paid Social,treatment,123,1,2674
CS0000053,C006640,2026-03-02 00:31:48,Desktop,Organic Search,control,154,1,3939
CS0000054,C025548,2026-03-02 00:32:20,iOS,App,control,863,0,
CS0000055,C028950,2026-03-02 00:33:53,iOS,Organic Search,treatment,125,1,1924
CS0000056,C023335,2026-03-02 00:34:08,Desktop,Direct,treatment,406,1,3755
CS0000057,C015221,2026-03-02 00:34:39,Desktop,Organic Search,treatment,286,1,6003
CS0000058,,2026-03-02 00:35:46,Android,Organic Search,control,126,1,8575
CS0000059,C006266,2026-03-02 00:37:50,Android,App,treatment,65,0,
CS0000060,C024574,2026-03-02 00:37:50,Desktop,Paid Social,control,297,1,803
CS0000061,C018162,2026-03-02 00:38:53,Desktop,App,treatment,71,1,6732
CS0000062,C002601,2026-03-02 00:39:50,Android,Organic Search,treatment,555,1,12037
CS0000063,C024749,2026-03-02 00:43:07,Android,Referral,treatment,223,1,4435
CS0000064,C020676,2026-03-02 00:43:29,Android,App,treatment,57,1,8369
CS0000065,C021322,2026-03-02 00:45:21,Desktop,Referral,treatment,302,0,
CS0000066,C016026,2026-03-02 00:45:27,Android,Organic Search,treatment,167,1,3334
CS0000067,C027568,2026-03-02 00:45:39,Android,Organic Search,treatment,148,1,2804
CS0000068,,2026-03-02 00:46:00,iOS,App,control,184,0,
CS0000069,C022615,2026-03-02 00:46:02,Android,Organic Search,treatment,216,0,
CS0000070,C020842,2026-03-02 00:46:11,Android,Direct,treatment,172,0,
CS0000071,C028916,2026-03-02 00:46:35,iOS,App,control,283,1,3622
CS0000072,,2026-03-02 00:47:30,Android,Organic Search,control,275,0,
CS0000073,C012532,2026-03-02 00:47:32,Android,App,treatment,178,1,2572
CS0000074,C015560,2026-03-02 00:49:08,Android,App,control,172,0,
CS0000075,C004046,2026-03-02 00:49:21,Desktop,Organic Search,control,82,1,6806
CS0000076,C021070,2026-03-02 00:49:32,Desktop,App,treatment,82,1,2838
CS0000077,,2026-03-02 00:49:51,iOS,Organic Search,control,193,1,2972
CS0000078,C029267,2026-03-02 00:50:04,Desktop,Organic Search,control,217,1,5436
CS0000079,,2026-03-02 00:50:09,Android,Paid Social,treatment,78,0,
CS0000080,C023355,2026-03-02 00:50:15,Android,Referral,control,70,1,1554
CS0000081,,2026-03-02 00:50:36,iOS,Paid Social,control,278,0,
CS0000082,C015426,2026-03-02 00:51:54,Android,Organic Search,control,61,0,
CS0000083,C000066,2026-03-02 00:53:07,Desktop,App,control,140,1,3077
CS0000084,,2026-03-02 00:53:20,iOS,App,treatment,208,1,27580
CS0000085,C016023,2026-03-02 00:54:24,Android,Referral,treatment,243,1,3731
CS0000086,C014343,2026-03-02 00:54:57,Desktop,App,treatment,490,1,4426
CS0000087,C005149,2026-03-02 00:55:25,Android,Paid Social,control,204,1,7299
CS0000088,C010340,2026-03-02 00:55:34,Android,Paid Social,control,95,0,
CS0000089,C025275,2026-03-02 00:55:37,iOS,App,control,133,1,3776
CS0000090,C011126,2026-03-02 00:56:21,Android,App,control,240,1,1688
CS0000091,C009333,2026-03-02 00:56:49,Android,Organic Search,control,190,0,
CS0000092,,2026-03-02 00:58:09,Desktop,Direct,treatment,1,0,
CS0000093,C001951,2026-03-02 00:58:59,iOS,Direct,treatment,225,0,
CS0000094,C016022,2026-03-02 00:59:03,iOS,Paid Social,control,93,1,1916
CS0000095,C023571,2026-03-02 00:59:24,Android,App,control,121,0,
CS0000096,C010358,2026-03-02 00:59:39,Android,Paid Social,control,382,1,2904
CS0000097,C003860,2026-03-02 01:00:04,iOS,Paid Social,treatment,279,0,
CS0000098,C008962,2026-03-02 01:01:22,Android,Organic Search,TREATMENT ,289,1,4022
CS0000099,C007434,2026-03-02 01:01:27,iOS,Direct,treatment,191,0,
CS0000100,C021881,2026-03-02 01:01:30,Android,Organic Search,control,238,1,11190
CS0000101,C002103,2026-03-02 01:02:03,Android,App,treatment,65,1,2336
CS0000102,C000325,2026-03-02 01:03:30,Android,Paid Social,Control,208,1,3172
CS0000103,C012763,2026-03-02 01:04:38,Desktop,Paid Social,control,126,1,5830
CS0000104,C001604,2026-03-02 01:05:06,iOS,App,treatment,237,1,7389
CS0000105,C021532,2026-03-02 01:05:24,Desktop,Paid Social,control,171,0,
CS0000106,C014113,2026-03-02 01:05:24,Desktop,Organic Search,treatment,202,1,6781
CS0000107,C027873,2026-03-02 01:06:19,Desktop,Organic Search,treatment,216,0,
CS0000108,C007288,2026-03-02 01:06:49,Desktop,App,control,161,1,1247
CS0000109,C003530,2026-03-02 01:07:24,iOS,Organic Search,treatment,71,1,2496
CS0000110,C027626,2026-03-02 01:07:28,Android,Organic Search,control,212,0,
CS0000111,C013673,2026-03-02 01:07:55,Desktop,Direct,control,126,1,10140
CS0000112,C007735,2026-03-02 01:08:27,Android,Paid Social,control,175,1,7804
CS0000113,C020946,2026-03-02 01:10:54,Desktop,Referral,treatment,79,1,7438
CS0000114,C018047,2026-03-02 01:11:18,Android,Referral,treatment,302,1,1398
CS0000115,C008182,2026-03-02 01:11:25,iOS,Organic Search,treatment,264,1,1388
CS0000116,C007131,2026-03-02 01:12:13,Desktop,Paid Social,treatment,203,0,
CS0000117,C007242,2026-03-02 01:12:36,Desktop,App,treatment,747,1,12821
CS0000118,C026050,2026-03-02 01:13:02,Android,App,control,237,1,4033
CS0000119,,2026-03-02 01:13:05,iOS,App,treatment,89,1,2217
CS0000120,C014502,2026-03-02 01:13:12,Desktop,Organic Search,treatment,127,0,
CS0000121,C006344,2026-03-02 01:13:20,Android,App,control,175,0,
CS0000122,C023917,2026-03-02 01:14:02,Desktop,Referral,control,550,1,2349
CS0000123,C012993,2026-03-02 01:14:02,iOS,App,control,147,0,
CS0000124,C009678,2026-03-02 01:14:17,Android,Referral,treatment,124,1,4183
CS0000125,C014203,2026-03-02 01:14:24,Android,App,control,162,0,
CS0000126,C022954,2026-03-02 01:14:45,Desktop,Paid Social,treatment,367,1,3339
CS0000127,C027674,2026-03-02 01:15:38,Android,Direct,treatment,195,1,2287
CS0000128,,2026-03-02 01:16:27,Android,App,treatment,158,0,
CS0000129,C022365,2026-03-02 01:16:30,Desktop,Direct,control,517,1,22235
CS0000130,C004410,2026-03-02 01:16:53,Android,Direct,treatment,633,0,
CS0000131,C019828,2026-03-02 01:18:31,Android,Direct,treatment,202,1,3312
CS0000132,C010812,2026-03-02 01:18:58,Android,Direct,control,94,0,
CS0000133,C000376,2026-03-02 01:20:18,Android,App,treatment,143,1,6330
CS0000134,,2026-03-02 01:20:42,Android,Organic Search,treatment,181,1,2639
CS0000135,,2026-03-02 01:20:47,Android,App,treatment,120,1,3694
CS0000135,,2026-03-02 01:20:47,Android,App,treatment,120,1,3694
CS0000136,,2026-03-02 01:21:24,Android,App,treatment,118,0,
CS0000137,C028733,2026-03-02 01:21:27,Android,Referral,treatment,105,0,
CS0000138,C006600,2026-03-02 01:21:53,Desktop,Direct,control,274,1,3243
CS0000139,C012048,2026-03-02 01:23:20,iOS,App,control,225,0,
CS0000140,C011016,2026-03-02 01:23:40,iOS,App,control,845,0,
CS0000141,C003643,2026-03-02 01:24:40,Desktop,Direct,treatment,141,1,15112
CS0000142,,2026-03-02 01:24:42,iOS,App,control,178,0,
CS0000143,C028184,2026-03-02 01:24:48,Android,App,control,124,0,
CS0000144,C028050,2026-03-02 01:25:30,Android,App,treatment,365,1,1669
CS0000145,C006588,2026-03-02 01:26:29,Android,Referral,control,245,1,2666
CS0000146,,2026-03-02 01:27:24,Desktop,Direct,treatment,0,0,
CS0000147,C009660,2026-03-02 01:28:00,Android,Organic Search,control,372,0,
CS0000148,C006087,2026-03-02 01:28:20,Desktop,Paid Social,control,122,1,4356
CS0000149,C003327,2026-03-02 01:30:09,Desktop,Organic Search,treatment,177,1,10198
CS0000150,C019557,2026-03-02 01:31:34,Android,Paid Social,treatment,136,0,
CS0000151,C028204,2026-03-02 01:32:54,Desktop,Organic Search,control,59,1,16480
CS0000152,C015388,2026-03-02 01:33:02,Android,Paid Social,treatment,92,1,1511
CS0000153,C028594,2026-03-02 01:33:09,Android,Paid Social,control,59,1,6840
CS0000154,,2026-03-02 01:34:10,Android,Paid Social,control,225,1,2760
CS0000155,C017356,2026-03-02 01:34:15,Android,App,control,194,1,6802
CS0000156,C024545,2026-03-02 01:34:19,Desktop,Direct,treatment,113,1,3709
CS0000157,C004923,2026-03-02 01:34:35,Desktop,App,control,127,0,
CS0000158,,2026-03-02 01:34:43,Android,App,control,85,1,3734
CS0000159,C001144,2026-03-02 01:34:57,Desktop,Organic Search,control,190,1,6425
CS0000160,,2026-03-02 01:35:32,Android,Organic Search,control,125,1,3725
CS0000161,C003893,2026-03-02 01:36:05,Desktop,Paid Social,treatment,276,1,6112
CS0000162,,2026-03-02 01:36:24,Android,Paid Social,treatment,192,1,4446
CS0000163,,2026-03-02 01:36:29,Android,Organic Search,treatment,184,0,
CS0000164,C026702,2026-03-02 01:36:32,Android,App,Control,234,0,
CS0000165,C013148,2026-03-02 01:36:49,Desktop,Paid Social,treatment,216,0,
CS0000166,C002240,2026-03-02 01:37:35,Android,Direct,treatment,462,0,
CS0000167,C010115,2026-03-02 01:38:17,Android,App,treatment,230,1,6579
CS0000168,C026331,2026-03-02 01:38:19,Android,Organic Search,treatment,258,1,3602
CS0000169,,2026-03-02 01:38:24,Desktop,Referral,treatment,174,1,3078
CS0000170,C018840,2026-03-02 01:40:31,Android,Organic Search,treatment,174,0,
CS0000171,C023429,2026-03-02 01:40:41,Android,App,treatment,137,1,966
CS0000172,,2026-03-02 01:41:04,Android,Paid Social,treatment,160,0,
CS0000173,C006849,2026-03-02 01:41:35,Desktop,Paid Social,treatment,193,1,1522
CS0000174,C023840,2026-03-02 01:41:38,Android,App,treatment,216,1,980
CS0000175,,2026-03-02 01:42:38,Desktop,Paid Social,control,205,0,
CS0000176,C000257,2026-03-02 01:42:39,Desktop,App,control,341,0,
CS0000177,C022749,2026-03-02 01:43:21,Android,Organic Search,control,205,0,
CS0000178,C014001,2026-03-02 01:44:44,Desktop,App,treatment,68,1,3901
CS0000179,C018333,2026-03-02 01:45:54,Android,Organic Search,treatment,144,1,5748
CS0000180,C018307,2026-03-02 01:46:16,Android,Direct,control,99,0,
CS0000181,C020963,2026-03-02 01:47:31,Android,Direct,control,76,1,2597
CS0000182,,2026-03-02 01:48:05,Android,Organic Search,control,24,1,2533
CS0000183,C019062,2026-03-02 01:49:20,Android,Direct,treatment,179,1,2563
CS0000184,C007658,2026-03-02 01:53:15,Android,Organic Search,control,83,0,
CS0000185,C024849,2026-03-02 01:53:31,iOS,Direct,treatment,473,1,5565
CS0000186,C006888,2026-03-02 01:53:53,Android,App,treatment,153,0,
CS0000187,C026795,2026-03-02 01:54:54,Android,Paid Social,control,123,1,3418
CS0000188,C011363,2026-03-02 01:55:11,Desktop,App,control,71,1,10985
CS0000189,C014635,2026-03-02 01:55:36,Android,Organic Search,treatment,98,0,
CS0000190,C000610,2026-03-02 01:55:41,Android,Direct,control,79,1,1555
CS0000191,C003252,2026-03-02 01:56:00,Desktop,App,control,71,1,5853
CS0000192,C028466,2026-03-02 01:56:13,Android,App,treatment,46,1,4264
CS0000193,C004880,2026-03-02 01:56:19,Android,Referral,control,190,0,
CS0000194,C002896,2026-03-02 01:56:59,Android,App,treatment,180,0,
CS0000195,C026965,2026-03-02 01:57:16,iOS,Organic Search,treatment,76,0,
CS0000196,C022186,2026-03-02 01:57:40,Android,App,control,141,0,
CS0000197,C022696,2026-03-02 01:58:37,Android,Referral,control,114,1,3470
CS0000198,C007344,2026-03-02 01:58:46,iOS,App,control,122,1,2850
CS0000199,C013997,2026-03-02 01:59:17,Android,App,treatment,153,1,5362
CS0000200,,2026-03-02 02:01:11,Desktop,App,Treatment,170,1,2395
CS0000201,C018179,2026-03-02 02:02:26,Desktop,Paid Social,control,297,1,1779
CS0000202,C019302,2026-03-02 02:02:26,Android,Direct,treatment,267,1,13463
CS0000203,,2026-03-02 02:04:21,Android,Organic Search,treatment,56,1,1985
CS0000204,C019973,2026-03-02 02:04:26,Android,Paid Social,treatment,256,1,10560
CS0000205,C003548,2026-03-02 02:05:46,Android,Referral,control,68,0,
CS0000206,C010629,2026-03-02 02:07:44,iOS,Organic Search,control,265,1,2577
CS0000207,,2026-03-02 02:07:57,Android,Referral,treatment,286,1,6285
CS0000208,C011136,2026-03-02 02:08:19,Desktop,Organic Search,treatment,196,1,8817
CS0000209,,2026-03-02 02:08:22,Android,Organic Search,treatment,85,0,
CS0000210,C006166,2026-03-02 02:08:36,Android,Organic Search,treatment,358,1,4371
CS0000211,,2026-03-02 02:09:31,Android,Referral,control,223,1,6870
CS0000212,C018670,2026-03-02 02:10:04,Android,App,treatment,152,1,2056
CS0000213,,2026-03-02 02:10:30,Android,Organic Search,treatment,80,0,
CS0000214,,2026-03-02 02:11:03,iOS,Direct,treatment,329,1,4000
CS0000215,,2026-03-02 02:12:06,iOS,Direct,control,105,1,1164
CS0000216,C021371,2026-03-02 02:12:13,Desktop,Direct,treatment,371,0,
CS0000217,,2026-03-02 02:12:36,iOS,Direct,control,567,0,
CS0000218,C016402,2026-03-02 02:12:39,Desktop,Organic Search,treatment,94,1,3977
CS0000219,C013989,2026-03-02 02:12:53,Desktop,Organic Search,control,158,0,
CS0000220,C012504,2026-03-02 02:13:12,Android,Paid Social,treatment,118,0,
CS0000221,C017582,2026-03-02 02:14:25,Android,Organic Search,control,254,1,5656
CS0000222,C026165,2026-03-02 02:14:32,Desktop,App,treatment,103,1,5368
CS0000223,C019707,2026-03-02 02:14:59,Android,App,treatment,200,1,10611
CS0000224,,2026-03-02 02:15:09,iOS,Organic Search,treatment,115,0,
CS0000225,C028759,2026-03-02 02:15:17,Android,Paid Social,control,116,1,4404
CS0000226,,2026-03-02 02:15:52,Android,Organic Search,control,357,0,
CS0000227,C024170,2026-03-02 02:16:48,Android,App,control,286,0,
CS0000228,C004601,2026-03-02 02:16:54,Android,Direct,control,237,0,
CS0000229,C026657,2026-03-02 02:17:11,Android,Referral,control,446,1,1106
CS0000230,,2026-03-02 02:19:45,Android,Organic Search,treatment,189,1,1481
CS0000231,,2026-03-02 02:20:05,Android,App,treatment,164,1,6262
CS0000232,C014249,2026-03-02 02:20:42,Android,App,control,132,0,
CS0000233,C016328,2026-03-02 02:22:39,iOS,App,control,179,0,
CS0000234,C027701,2026-03-02 02:24:26,Android,Organic Search,control,199,0,
CS0000235,C006383,2026-03-02 02:24:48,Desktop,Direct,treatment,269,1,4008
CS0000236,C025477,2026-03-02 02:24:56,Desktop,Paid Social,treatment,219,1,5130
CS0000237,,2026-03-02 02:25:22,Android,App,treatment,141,1,7326
CS0000238,C010487,2026-03-02 02:25:24,iOS,App,control,193,1,2592
CS0000239,C003100,2026-03-02 02:25:29,Desktop,App,treatment,132,1,3703
CS0000240,C022345,2026-03-02 02:25:46,Desktop,Referral,treatment,150,1,4353
CS0000241,C022224,2026-03-02 02:26:07,Android,App,control,71,0,
CS0000242,C017609,2026-03-02 02:26:54,Android,Organic Search,treatment,75,1,4165
CS0000243,C017177,2026-03-02 02:27:17,Android,Referral,treatment,314,1,4943
CS0000244,,2026-03-02 02:28:01,Android,Organic Search,control,235,1,2771
CS0000245,C012716,2026-03-02 02:28:50,Android,Organic Search,control,126,1,7770
CS0000246,C002208,2026-03-02 02:30:43,iOS,Paid Social,treatment,52,1,13888
CS0000247,C028840,2026-03-02 02:31:36,Android,Organic Search,control,824,1,6405
CS0000248,C018268,2026-03-02 02:31:56,Android,Referral,treatment,214,1,4229
CS0000249,C018322,2026-03-02 02:31:57,Android,App,control,463,1,2368
CS0000250,,2026-03-02 02:32:26,Android,Organic Search,control,238,0,
CS0000251,C000682,2026-03-02 02:34:16,Android,Organic Search,treatment,84,1,11397
CS0000252,C029158,2026-03-02 02:34:19,Desktop,Organic Search,treatment,198,0,
CS0000253,C025134,2026-03-02 02:34:26,Android,Referral,treatment,176,1,5969
CS0000254,,2026-03-02 02:35:24,Desktop,Direct,treatment,1,0,
CS0000255,C024037,2026-03-02 02:38:16,Android,Referral,treatment,230,0,
CS0000256,C006273,2026-03-02 02:38:28,Android,Direct,treatment,118,1,1822
CS0000257,C012101,2026-03-02 02:39:56,Android,Organic Search,treatment,234,1,2192
CS0000258,,2026-03-02 02:40:23,Android,Referral,treatment,157,0,
CS0000259,,2026-03-02 02:40:54,Android,App,treatment,250,1,4834
CS0000260,C000623,2026-03-02 02:41:19,iOS,Paid Social,treatment,54,0,
CS0000261,C004405,2026-03-02 02:41:23,Android,App,treatment,48,1,2885
CS0000262,C021448,2026-03-02 02:41:40,Android,App,treatment,273,0,
CS0000263,C005209,2026-03-02 02:44:14,Android,Paid Social,treatment,344,0,
CS0000264,C020864,2026-03-02 02:45:42,Android,Organic Search,control,94,1,2590
CS0000265,C024827,2026-03-02 02:46:40,Android,App,treatment,193,0,
CS0000266,C013388,2026-03-02 02:46:50,Android,App,treatment,259,0,
CS0000267,,2026-03-02 02:48:06,iOS,Paid Social,control,40,1,1581
CS0000268,C020419,2026-03-02 02:49:14,Android,App,control,210,1,4968
CS0000269,C019493,2026-03-02 02:49:37,Android,App,control,697,1,816
CS0000270,C027724,2026-03-02 02:49:55,Android,Organic Search,treatment,329,1,4562
CS0000271,C005421,2026-03-02 02:50:27,Desktop,App,control,117,0,
CS0000272,,2026-03-02 02:51:23,Desktop,Organic Search,treatment,157,1,3288
CS0000273,C029102,2026-03-02 02:51:36,Android,App,Treatment,126,0,
CS0000274,C016562,2026-03-02 02:51:36,Android,Referral,treatment,185,1,3927
CS0000275,C022109,2026-03-02 02:51:47,Android,Paid Social,treatment,231,0,
CS0000276,C014890,2026-03-02 02:52:26,Android,Paid Social,control,90,0,
CS0000277,,2026-03-02 02:52:40,iOS,App,control,182,1,3361
CS0000278,C028511,2026-03-02 02:53:52,iOS,Organic Search,treatment,111,1,2354
CS0000279,C025811,2026-03-02 02:54:30,Desktop,Paid Social,control,252,0,
CS0000280,C018914,2026-03-02 02:55:50,Android,Organic Search,treatment,81,1,11231
CS0000281,,2026-03-02 02:56:37,Desktop,Organic Search,treatment,150,1,3524
CS0000282,C029013,2026-03-02 02:56:38,iOS,Organic Search,control,455,0,
CS0000283,C017172,2026-03-02 02:56:38,Android,Paid Social,treatment,195,1,1987
CS0000284,C016761,2026-03-02 02:57:45,Android,Paid Social,control,418,0,
CS0000285,C002322,2026-03-02 02:58:08,Desktop,App,control,197,1,2086
CS0000286,,2026-03-02 03:01:06,Desktop,Paid Social,control,414,0,
CS0000287,C009300,2026-03-02 03:01:09,Android,App,treatment,115,1,4980
CS0000288,C014866,2026-03-02 03:01:20,Desktop,Paid Social,treatment,255,1,3247
CS0000289,,2026-03-02 03:01:31,Android,Organic Search,treatment,199,1,22462
CS0000290,,2026-03-02 03:02:21,Android,App,control,133,0,
CS0000291,C024265,2026-03-02 03:03:09,iOS,Paid Social,Treatment,108,1,9530
CS0000292,C008712,2026-03-02 03:04:02,Android,Paid Social,treatment,172,0,
CS0000293,C023916,2026-03-02 03:04:42,Android,Referral,control,122,1,1508
CS0000294,C000519,2026-03-02 03:05:08,iOS,Paid Social,treatment,128,1,9949
CS0000295,C002580,2026-03-02 03:05:44,Desktop,Organic Search,treatment,170,0,
CS0000296,C009707,2026-03-02 03:06:52,Desktop,Referral,control,169,1,4560
CS0000297,C021479,2026-03-02 03:09:37,Android,Organic Search,control,176,0,
CS0000298,C007826,2026-03-02 03:11:03,iOS,App,treatment,80,0,
CS0000299,C011508,2026-03-02 03:11:28,Android,App,control,191,0,
CS0000300,,2026-03-02 03:13:34,Android,Paid Social,control,65,0,
CS0000301,C022217,2026-03-02 03:14:12,Android,Paid Social,treatment,432,1,5475
CS0000302,C014785,2026-03-02 03:16:13,Android,Paid Social,control,206,1,2696
CS0000303,C000714,2026-03-02 03:18:30,Android,Organic Search,treatment,84,1,2062
CS0000304,C000961,2026-03-02 03:21:01,iOS,App,treatment,61,1,3796
CS0000305,C023395,2026-03-02 03:21:29,Desktop,App,control,147,1,1880
CS0000306,,2026-03-02 03:24:15,Android,Direct,treatment,71,0,
CS0000307,C001520,2026-03-02 03:25:54,iOS,Organic Search,treatment,48,1,3479
CS0000308,C020655,2026-03-02 03:26:36,Android,Paid Social,treatment,99,1,2412
CS0000309,C008254,2026-03-02 03:26:56,iOS,Direct,treatment,312,1,1963
CS0000310,,2026-03-02 03:27:14,iOS,Referral,control,328,0,
CS0000311,C011690,2026-03-02 03:27:19,iOS,Direct,control,235,0,
CS0000312,C021867,2026-03-02 03:28:59,Android,Organic Search,treatment,768,1,2623
CS0000313,C013225,2026-03-02 03:29:15,Android,Direct,control,158,0,
CS0000314,C007257,2026-03-02 03:31:38,Desktop,Direct,control,300,1,9096
CS0000315,C006642,2026-03-02 03:31:59,Android,Direct,treatment,192,1,2013
CS0000316,C027294,2026-03-02 03:32:16,Desktop,Direct,treatment,95,1,8529
CS0000317,C018994,2026-03-02 03:33:53,iOS,App,control,126,0,
CS0000318,C018031,2026-03-02 03:33:59,Android,Organic Search,treatment,111,1,8658
CS0000319,C008919,2026-03-02 03:35:09,Android,Referral,control,58,1,5011
CS0000320,C012114,2026-03-02 03:36:16,Android,Referral,Treatment,521,1,2191
CS0000321,C016659,2026-03-02 03:37:02,Android,App,control,127,0,
CS0000322,C027027,2026-03-02 03:37:37,Android,Organic Search,control,254,0,
CS0000323,C013994,2026-03-02 03:37:47,Android,Referral,control,68,0,
CS0000324,C022838,2026-03-02 03:38:40,Android,App,treatment,318,0,
CS0000325,C018343,2026-03-02 03:39:17,Desktop,App,control,86,0,
CS0000326,C004983,2026-03-02 03:40:40,Android,App,treatment,155,1,6911
CS0000327,C027929,2026-03-02 03:41:24,Desktop,Referral,control,277,1,8856
CS0000328,,2026-03-02 03:42:00,Desktop,Paid Social,treatment,207,0,
CS0000329,C029158,2026-03-02 03:42:46,iOS,App,control,136,0,
CS0000330,,2026-03-02 03:45:04,Android,Paid Social,control,57,0,
CS0000331,C013420,2026-03-02 03:47:30,Android,Paid Social,control,253,0,
CS0000332,C009814,2026-03-02 03:47:50,Android,Organic Search,Control,206,0,
CS0000333,,2026-03-02 03:48:15,iOS,Paid Social,treatment,171,0,
CS0000334,C001001,2026-03-02 03:48:36,Android,App,treatment,498,0,
CS0000335,C014108,2026-03-02 03:48:47,Desktop,Referral,treatment,108,0,
CS0000336,,2026-03-02 03:50:07,Android,App,control,135,1,1867
CS0000337,C013160,2026-03-02 03:50:26,Android,App,treatment,125,0,
CS0000338,C011816,2026-03-02 03:51:17,Desktop,Referral,control,66,1,1789
CS0000339,,2026-03-02 03:51:47,Android,App,control,757,1,1141
CS0000340,C008293,2026-03-02 03:52:25,Android,Organic Search,control,1383,1,7393
CS0000341,C001295,2026-03-02 03:54:10,Android,Paid Social,control,325,0,
CS0000342,C012724,2026-03-02 03:54:25,Android,Paid Social,treatment,151,0,
CS0000343,,2026-03-02 03:54:55,Android,Direct,control,270,0,
CS0000344,C021974,2026-03-02 03:55:39,Desktop,Direct,control,200,0,
CS0000345,C005268,2026-03-02 03:55:53,Android,Organic Search,treatment,56,0,
CS0000346,C007323,2026-03-02 03:56:54,Desktop,Direct,control,277,0,
CS0000347,C008556,2026-03-02 03:58:08,Android,App,treatment,60,0,
CS0000348,C003722,2026-03-02 03:59:06,Desktop,Referral,treatment,177,1,1639
CS0000349,C024651,2026-03-02 03:59:48,Android,Direct,treatment,71,0,
CS0000350,C024521,2026-03-02 04:03:21,Android,Organic Search,treatment,173,0,
CS0000351,C005861,2026-03-02 04:05:46,Desktop,Organic Search,control,263,1,9054
CS0000352,C007261,2026-03-02 04:06:57,Android,Direct,control,142,0,
CS0000353,C023661,2026-03-02 04:07:31,Desktop,Paid Social,control,122,1,19206
CS0000354,C020420,2026-03-02 04:13:37,Desktop,Direct,treatment,222,1,3274
CS0000355,C016936,2026-03-02 04:13:48,iOS,App,treatment,204,1,11284
CS0000356,C009440,2026-03-02 04:17:46,Android,Direct,control,170,1,5930
CS0000357,C005777,2026-03-02 04:21:15,Desktop,Organic Search,control,99,0,
CS0000358,C013591,2026-03-02 04:22:41,iOS,Paid Social,treatment,472,0,
CS0000359,C018400,2026-03-02 04:23:00,Desktop,App,control,73,1,6777
CS0000360,C016889,2026-03-02 04:24:57,Android,App,treatment,309,1,6234
CS0000361,,2026-03-02 04:25:56,Android,Direct,control,225,1,6368
CS0000362,C000298,2026-03-02 04:27:19,Android,App,treatment,250,1,8671
CS0000363,C018454,2026-03-02 04:33:01,Desktop,Direct,treatment,325,1,15596
CS0000364,,2026-03-02 04:33:58,Desktop,Direct,treatment,2,0,
CS0000365,,2026-03-02 04:38:36,Android,Organic Search,control,179,1,1165
CS0000366,C007809,2026-03-02 04:38:57,Desktop,App,control,165,0,
CS0000367,C018337,2026-03-02 04:43:26,Android,Direct,treatment,280,0,
CS0000368,,2026-03-02 04:44:43,Android,App,control,204,0,
CS0000369,C007502,2026-03-02 04:44:47,Android,Referral,treatment,232,1,7624
CS0000370,C005630,2026-03-02 04:46:31,Desktop,Referral,control,199,1,9476
CS0000371,C028483,2026-03-02 04:48:27,Desktop,App,treatment,213,1,1317
CS0000372,C005112,2026-03-02 04:49:10,Android,Paid Social,control,101,1,3129
CS0000373,C014271,2026-03-02 04:53:49,Android,Referral,treatment,212,0,
CS0000374,C028798,2026-03-02 04:54:35,iOS,Paid Social,treatment,527,1,3179
CS0000375,C017176,2026-03-02 04:58:07,Android,Organic Search,control,212,1,4428
CS0000376,C022273,2026-03-02 05:08:02,Desktop,Paid Social,control,464,0,
CS0000377,C026846,2026-03-02 05:15:01,Android,Paid Social,treatment,360,1,1214
CS0000378,C018215,2026-03-02 05:18:13,Android,App,control,38,1,5270
CS0000379,,2026-03-02 05:18:38,Desktop,Direct,CONTROL ,2,0,
CS0000380,C003071,2026-03-02 05:32:42,Desktop,App,control,337,1,1357
CS0000381,C005232,2026-03-02 05:35:28,iOS,App,control,98,1,3165
CS0000382,C025464,2026-03-02 05:42:19,Android,App,treatment,97,0,
CS0000383,C023663,2026-03-02 05:46:59,Desktop,Referral,treatment,95,1,7535
CS0000384,,2026-03-02 05:51:30,iOS,Paid Social,treatment,144,1,4754
CS0000385,,2026-03-02 05:56:02,Android,Organic Search,control,201,1,3378
CS0000386,C013614,2026-03-02 05:56:09,iOS,App,treatment,135,1,4307
CS0000387,C014115,2026-03-02 06:03:15,Android,App,treatment,145,0,
CS0000388,C009796,2026-03-02 06:09:53,Android,App,control,454,1,3806
CS0000389,C019198,2026-03-02 06:23:08,Android,Direct,control,302,1,6405
CS0000390,C009216,2026-03-02 06:25:36,Android,Direct,treatment,469,1,4284
CS0000391,C017686,2026-03-02 06:29:18,Android,App,treatment,138,0,
CS0000392,,2026-03-02 06:34:49,Desktop,Direct,treatment,1,0,
CS0000393,,2026-03-02 06:39:49,Desktop,Paid Social,control,177,0,
CS0000394,C002418,2026-03-02 07:03:19,Desktop,App,treatment,195,1,3345
CS0000395,C007309,2026-03-02 07:10:50,Android,Organic Search,control,263,0,
CS0000396,C023871,2026-03-02 07:18:08,Android,App,treatment,217,0,
CS0000397,C026913,2026-03-02 07:30:49,Android,App,treatment,268,1,3339
CS0000398,C029084,2026-03-02 07:37:04,iOS,Paid Social,treatment,37,0,
CS0000399,,2026-03-02 07:38:22,Desktop,Direct,Treatment,1,0,
CS0000400,C003790,2026-03-02 07:38:39,iOS,Organic Search,treatment,170,1,6762
CS0000401,C021030,2026-03-02 07:39:31,Android,Organic Search,treatment,238,0,
CS0000402,C013100,2026-03-02 07:39:54,Android,Paid Social,control,150,0,
CS0000403,C021943,2026-03-02 07:40:15,Android,Organic Search,Control,190,1,4674
CS0000404,C000938,2026-03-02 07:48:04,Desktop,App,treatment,205,0,
CS0000405,C018258,2026-03-02 07:57:10,Desktop,Paid Social,treatment,299,1,13258
CS0000406,C010676,2026-03-02 08:00:59,Android,Paid Social,control,333,0,
CS0000407,,2026-03-02 08:04:50,iOS,App,control,150,1,2616
CS0000408,C024642,2026-03-02 08:05:34,Android,Direct,treatment,210,1,6676
CS0000409,C017260,2026-03-02 08:05:36,iOS,App,treatment,109,0,
CS0000410,C022895,2026-03-02 08:07:56,Android,Organic Search,control,139,0,
CS0000411,C008183,2026-03-02 08:08:35,Android,App,control,397,1,1131
CS0000412,C023551,2026-03-02 08:14:58,Android,Paid Social,treatment,146,1,4523
CS0000413,C019291,2026-03-02 08:15:00,Android,App,control,222,0,
CS0000414,C026259,2026-03-02 08:20:20,Android,Organic Search,treatment,92,1,3257
CS0000415,C002144,2026-03-02 08:20:35,Android,Direct,control,148,0,
CS0000416,C002341,2026-03-02 08:30:06,Android,App,treatment,182,1,9274
CS0000417,C011984,2026-03-02 08:33:27,Android,Organic Search,control,96,1,1666
CS0000418,,2026-03-02 08:41:45,iOS,Organic Search,treatment,99,1,1594
CS0000419,C016968,2026-03-02 08:47:17,Android,Paid Social,treatment,69,0,
CS0000420,C028355,2026-03-02 08:48:45,Desktop,Organic Search,control,58,1,3492
CS0000421,C010764,2026-03-02 08:51:17,Android,Paid Social,control,118,1,4067
CS0000422,,2026-03-02 08:52:04,Desktop,Referral,treatment,234,1,5194
CS0000423,C010648,2026-03-02 08:52:12,iOS,Organic Search,control,380,1,9327
CS0000424,,2026-03-02 08:55:19,Android,Paid Social,control,391,0,
CS0000425,,2026-03-02 08:57:35,Android,Referral,treatment,101,1,8374
CS0000426,,2026-03-02 08:58:49,Android,App,control,198,1,2652
CS0000427,C024933,2026-03-02 09:00:40,Android,Organic Search,treatment,88,0,
CS0000428,C000339,2026-03-02 09:00:59,Android,App,treatment,198,1,2879
CS0000429,,2026-03-02 09:02:39,Android,Paid Social,treatment,125,1,1635
CS0000430,C007417,2026-03-02 09:05:00,Desktop,Paid Social,treatment,262,1,16683
CS0000431,C002276,2026-03-02 09:05:48,Desktop,Organic Search,CONTROL ,208,1,1980
CS0000432,C006039,2026-03-02 09:07:20,Android,Paid Social,treatment,191,0,
CS0000433,C023706,2026-03-02 09:07:53,iOS,Paid Social,control,298,0,
CS0000434,C018508,2026-03-02 09:09:04,Android,Direct,treatment,144,0,
CS0000435,,2026-03-02 09:11:20,Desktop,Direct,treatment,0,0,
CS0000436,C013099,2026-03-02 09:11:31,Android,Paid Social,control,330,0,
CS0000437,C023137,2026-03-02 09:13:30,Android,Paid Social,control,173,1,3469
CS0000438,,2026-03-02 09:14:08,Desktop,Direct,control,342,1,6261
CS0000439,,2026-03-02 09:14:48,Android,Organic Search,control,83,1,6405
CS0000440,C002903,2026-03-02 09:14:56,iOS,Organic Search,treatment,236,1,898
CS0000441,C001041,2026-03-02 09:15:44,Android,App,control,37,1,2456
CS0000442,,2026-03-02 09:16:01,Android,Direct,control,198,1,3062
CS0000443,C022876,2026-03-02 09:19:36,Desktop,App,treatment,176,0,
CS0000444,,2026-03-02 09:21:37,Desktop,Referral,treatment,113,1,6428
CS0000445,C028427,2026-03-02 09:24:24,iOS,Paid Social,treatment,254,0,
CS0000446,C020336,2026-03-02 09:32:22,Android,Paid Social,treatment,242,0,
CS0000447,C012254,2026-03-02 09:33:22,Android,App,treatment,204,1,7549
CS0000448,C025416,2026-03-02 09:35:52,Android,Paid Social,control,171,0,
CS0000449,C009587,2026-03-02 09:42:22,Desktop,Organic Search,treatment,556,1,9124
CS0000450,C005929,2026-03-02 09:43:11,iOS,Organic Search,treatment,821,1,2902
CS0000451,,2026-03-02 09:44:01,Android,Organic Search,treatment,85,1,3291
CS0000452,C020438,2026-03-02 09:44:27,iOS,Paid Social,control,108,0,
CS0000453,C006398,2026-03-02 09:44:59,Android,Direct,control,254,1,1289
CS0000454,C020338,2026-03-02 09:46:55,Android,App,treatment,394,1,5638
CS0000455,C006470,2026-03-02 09:50:48,Android,Organic Search,treatment,58,1,2055
CS0000456,C022781,2026-03-02 09:51:31,Android,Organic Search,control,133,0,
CS0000457,,2026-03-02 09:51:32,Android,App,control,170,1,6544
CS0000458,C012323,2026-03-02 09:52:24,Android,App,control,163,1,18400
CS0000459,C020430,2026-03-02 09:56:52,Android,App,control,217,0,
CS0000460,,2026-03-02 09:57:13,Desktop,App,treatment,154,0,
CS0000461,C007760,2026-03-02 09:58:38,Android,Paid Social,control,86,0,
CS0000462,C016804,2026-03-02 09:59:16,Android,Paid Social,control,439,1,5667
CS0000463,C015392,2026-03-02 10:00:36,Android,Referral,treatment,252,1,2025
CS0000464,C000007,2026-03-02 10:01:15,iOS,Paid Social,control,175,1,1999
CS0000465,,2026-03-02 10:02:34,Android,App,control,143,1,3590
CS0000466,,2026-03-02 10:02:55,Android,Referral,treatment,192,0,
CS0000467,,2026-03-02 10:05:45,Android,Paid Social,treatment,203,1,10195
CS0000468,C019684,2026-03-02 10:07:28,Desktop,App,treatment,221,1,2299
CS0000469,C024647,2026-03-02 10:07:29,Desktop,Direct,control,193,1,2335
CS0000470,C011016,2026-03-02 10:09:02,Android,App,control,136,1,10240
CS0000471,C023040,2026-03-02 10:11:44,Desktop,App,control,431,1,1914
CS0000472,C020451,2026-03-02 10:11:55,Android,App,control,630,1,6852
CS0000473,C027101,2026-03-02 10:12:08,Android,App,treatment,375,0,
CS0000474,,2026-03-02 10:12:50,Desktop,App,treatment,180,1,4496
CS0000475,C003300,2026-03-02 10:13:26,iOS,App,treatment,158,0,
CS0000476,C023705,2026-03-02 10:13:56,Desktop,Referral,treatment,262,1,14035
CS0000477,,2026-03-02 10:16:06,Android,Organic Search,treatment,149,1,1527
CS0000478,C019276,2026-03-02 10:17:17,Desktop,App,control,104,1,9555
CS0000479,C018900,2026-03-02 10:17:22,iOS,Paid Social,treatment,58,0,
CS0000480,C020701,2026-03-02 10:20:27,Android,Direct,TREATMENT ,61,1,3675
CS0000481,C013836,2026-03-02 10:24:51,Android,Paid Social,treatment,176,0,
CS0000482,C004595,2026-03-02 10:25:02,iOS,Paid Social,control,87,1,11369
CS0000483,C019745,2026-03-02 10:27:21,Android,Organic Search,control,481,1,11156
CS0000484,,2026-03-02 10:27:28,Android,Organic Search,control,197,1,2678
CS0000485,C000464,2026-03-02 10:27:52,iOS,Direct,treatment,135,1,2326
CS0000486,C015430,2026-03-02 10:28:32,Android,Organic Search,treatment,105,1,2526
CS0000487,C001224,2026-03-02 10:29:29,Desktop,Paid Social,control,386,0,
CS0000488,C018007,2026-03-02 10:31:07,Android,Direct,treatment,110,1,8450
CS0000489,C024631,2026-03-02 10:31:36,Desktop,Paid Social,control,208,0,
CS0000490,C000647,2026-03-02 10:32:32,Android,App,control,309,1,5157
CS0000491,C003437,2026-03-02 10:35:09,Android,Organic Search,treatment,40,1,3939
CS0000492,,2026-03-02 10:35:13,Android,Referral,control,232,1,4926
CS0000493,C003795,2026-03-02 10:37:54,Desktop,Direct,control,171,0,
CS0000494,,2026-03-02 10:38:09,Desktop,App,control,377,1,5333
CS0000495,C021592,2026-03-02 10:40:11,Android,App,control,94,1,2617
CS0000496,C005595,2026-03-02 10:44:48,iOS,Paid Social,control,339,1,5933
CS0000497,,2026-03-02 10:47:35,Android,App,treatment,63,0,
CS0000498,C025398,2026-03-02 10:50:49,Android,App,treatment,286,0,
CS0000499,C029153,2026-03-02 10:52:07,Desktop,App,treatment,385,1,7376
CS0000500,C016236,2026-03-02 10:52:53,Android,Paid Social,treatment,82,1,4918
CS0000501,C022178,2026-03-02 10:53:49,Android,Paid Social,control,116,0,
CS0000502,C019907,2026-03-02 10:56:44,Android,Paid Social,treatment,228,1,7132
CS0000503,C026049,2026-03-02 10:57:09,Android,App,treatment,233,1,4012
CS0000504,C001492,2026-03-02 10:59:15,Desktop,App,treatment,128,1,10138
CS0000505,C013687,2026-03-02 11:02:07,iOS,Paid Social,treatment,134,1,11664
CS0000506,C028686,2026-03-02 11:03:53,Android,App,control,188,0,
CS0000507,C010735,2026-03-02 11:03:57,Android,Paid Social,treatment,102,1,8844
CS0000508,C023886,2026-03-02 11:05:40,Android,Paid Social,control,93,1,6958
CS0000509,C015581,2026-03-02 11:07:27,Android,Organic Search,control,194,0,
CS0000510,C005102,2026-03-02 11:08:50,Desktop,Paid Social,control,66,0,
CS0000511,C002681,2026-03-02 11:10:08,iOS,Direct,control,491,1,7842
CS0000512,C001488,2026-03-02 11:10:52,Desktop,App,treatment,184,1,2115
CS0000513,C021682,2026-03-02 11:11:17,Desktop,App,treatment,18,0,
CS0000514,C004662,2026-03-02 11:11:42,Android,Organic Search,control,182,0,
CS0000515,,2026-03-02 11:14:03,Desktop,App,control,164,1,5264
CS0000516,C023948,2026-03-02 11:16:37,Desktop,Organic Search,treatment,292,1,2801
CS0000517,,2026-03-02 11:18:39,Android,App,treatment,139,0,
CS0000518,C002839,2026-03-02 11:21:56,Android,Paid Social,control,483,1,3917
CS0000519,,2026-03-02 11:22:15,Android,Referral,treatment,100,1,10386
CS0000520,C013999,2026-03-02 11:22:48,Android,App,treatment,234,1,11036
CS0000521,C006169,2026-03-02 11:23:54,Android,Organic Search,treatment,594,0,
CS0000522,C027264,2026-03-02 11:24:34,Desktop,App,treatment,53,1,4999
CS0000523,,2026-03-02 11:26:40,Desktop,Paid Social,control,144,1,1906
CS0000524,,2026-03-02 11:26:49,Desktop,Organic Search,control,207,1,4752
CS0000525,C014885,2026-03-02 11:27:22,Android,App,TREATMENT ,50,1,2691
CS0000526,,2026-03-02 11:27:29,Android,App,control,98,1,4077
CS0000527,C020882,2026-03-02 11:28:25,Desktop,Organic Search,treatment,463,0,
CS0000528,C023564,2026-03-02 11:29:20,Android,App,treatment,70,1,8014
CS0000529,C003113,2026-03-02 11:30:10,Desktop,Paid Social,control,193,0,
CS0000530,C005235,2026-03-02 11:30:25,Android,App,treatment,92,0,
CS0000531,C000836,2026-03-02 11:30:26,Desktop,Organic Search,control,152,1,3842
CS0000532,,2026-03-02 11:31:02,Android,Organic Search,treatment,86,0,
CS0000533,,2026-03-02 11:32:00,Android,Direct,treatment,325,0,
CS0000534,,2026-03-02 11:33:54,Android,Paid Social,treatment,132,1,2325
CS0000535,C011800,2026-03-02 11:34:39,Desktop,Organic Search,treatment,65,1,9209
CS0000536,C025487,2026-03-02 11:35:27,Android,App,treatment,269,0,
CS0000537,C027693,2026-03-02 11:36:21,Android,App,treatment,182,1,1548
CS0000538,C011967,2026-03-02 11:38:17,Android,Organic Search,control,227,1,17615
CS0000539,C001777,2026-03-02 11:38:27,Desktop,Direct,control,185,0,
CS0000540,C012295,2026-03-02 11:38:39,Android,Paid Social,treatment,104,0,
CS0000541,C027744,2026-03-02 11:40:16,iOS,Direct,control,178,1,12120
CS0000542,C026662,2026-03-02 11:40:17,Android,Direct,control,213,0,
CS0000543,C015004,2026-03-02 11:42:06,Desktop,Direct,treatment,71,1,1926
CS0000544,C003121,2026-03-02 11:44:51,Android,Organic Search,treatment,269,1,9182
CS0000545,C005492,2026-03-02 11:46:30,Android,Paid Social,treatment,71,0,
CS0000546,C012474,2026-03-02 11:46:57,Desktop,Organic Search,control,112,1,4325
CS0000547,C029209,2026-03-02 11:47:06,Desktop,Paid Social,control,77,0,
CS0000548,C021192,2026-03-02 11:47:39,Android,App,control,210,0,
CS0000549,,2026-03-02 11:50:02,Android,Direct,treatment,102,0,
CS0000550,C014989,2026-03-02 11:53:46,Android,Paid Social,control,106,0,
CS0000551,C022661,2026-03-02 11:54:10,Desktop,Direct,treatment,74,1,10232
CS0000552,C026345,2026-03-02 11:55:03,Android,Paid Social,control,166,1,2523
CS0000553,,2026-03-02 11:55:17,Android,Direct,treatment,1108,0,
CS0000554,C024486,2026-03-02 11:56:44,Desktop,Organic Search,control,383,1,7642
CS0000555,C020544,2026-03-02 11:57:13,Android,App,treatment,142,0,
CS0000556,C007198,2026-03-02 11:59:06,Android,Direct,treatment,149,1,11632
CS0000557,,2026-03-02 12:01:49,Desktop,App,control,67,0,
CS0000558,C003832,2026-03-02 12:02:36,Android,App,treatment,145,0,
CS0000559,C008736,2026-03-02 12:04:54,Desktop,Direct,control,41,1,5656
CS0000560,,2026-03-02 12:04:59,Android,Referral,treatment,58,0,
CS0000561,C003882,2026-03-02 12:05:57,Android,Paid Social,control,134,1,13278
CS0000562,C015602,2026-03-02 12:06:19,Android,Referral,treatment,190,0,
CS0000563,C024931,2026-03-02 12:06:22,Android,App,control,261,1,10367
CS0000564,C029017,2026-03-02 12:06:38,Android,Direct,control,165,1,10393
CS0000565,C001775,2026-03-02 12:07:36,Desktop,App,Treatment,383,0,
CS0000566,C015347,2026-03-02 12:08:23,Android,Organic Search,treatment,258,1,4767
CS0000567,,2026-03-02 12:08:27,Desktop,Direct,treatment,0,0,
CS0000568,C019727,2026-03-02 12:09:28,iOS,App,control,160,1,3549
CS0000569,C020349,2026-03-02 12:09:41,iOS,Direct,control,80,1,18059
CS0000570,C000227,2026-03-02 12:10:12,Android,Organic Search,control,332,0,
CS0000571,,2026-03-02 12:13:12,Desktop,Organic Search,control,104,0,
CS0000572,C021152,2026-03-02 12:13:27,Android,Direct,treatment,116,1,1813
CS0000573,C012250,2026-03-02 12:14:46,Android,Organic Search,treatment,315,1,1789
CS0000574,C001511,2026-03-02 12:15:36,iOS,App,treatment,77,0,
CS0000574,C001511,2026-03-02 12:15:36,iOS,App,treatment,77,0,
CS0000575,C026846,2026-03-02 12:15:39,iOS,Organic Search,treatment,111,1,13455
CS0000576,C025001,2026-03-02 12:16:19,Desktop,Organic Search,treatment,190,0,
CS0000576,C025001,2026-03-02 12:16:19,Desktop,Organic Search,treatment,190,0,
CS0000577,C012323,2026-03-02 12:18:51,iOS,Referral,treatment,85,0,
CS0000578,C011348,2026-03-02 12:19:03,Desktop,Direct,treatment,188,1,2511
CS0000579,C009805,2026-03-02 12:22:02,Desktop,Direct,treatment,87,1,3313
CS0000580,,2026-03-02 12:22:15,Android,Organic Search,treatment,161,1,1738
CS0000581,C004251,2026-03-02 12:22:59,Android,Direct,treatment,264,1,7473
CS0000582,C013479,2026-03-02 12:24:27,Android,Direct,treatment,150,1,4663
CS0000583,,2026-03-02 12:25:27,Desktop,Referral,treatment,103,0,
CS0000584,C006272,2026-03-02 12:27:17,iOS,App,CONTROL ,409,1,4055
CS0000585,C026084,2026-03-02 12:27:25,Android,Direct,control,173,1,7378
CS0000586,C024216,2026-03-02 12:28:27,Desktop,Referral,CONTROL ,184,0,
CS0000586,C024216,2026-03-02 12:28:27,Desktop,Referral,CONTROL ,184,0,
CS0000587,C015137,2026-03-02 12:30:20,Android,Paid Social,treatment,363,0,
CS0000588,C006110,2026-03-02 12:30:32,Android,App,control,138,1,3430
CS0000589,C027571,2026-03-02 12:31:46,Android,Direct,control,223,0,
CS0000590,C001610,2026-03-02 12:33:24,Android,Direct,control,290,0,
CS0000591,C017128,2026-03-02 12:33:42,Android,Referral,treatment,243,0,
CS0000592,C015202,2026-03-02 12:33:58,iOS,Organic Search,control,266,1,1790
CS0000593,C021072,2026-03-02 12:33:58,Desktop,Paid Social,TREATMENT ,310,1,4957
CS0000594,C006529,2026-03-02 12:34:58,iOS,App,control,175,0,
CS0000595,C004027,2026-03-02 12:36:31,Desktop,Direct,CONTROL ,326,1,3150
CS0000596,,2026-03-02 12:36:53,Android,App,treatment,234,1,2001
CS0000597,C011293,2026-03-02 12:38:06,Android,App,control,227,1,4971
CS0000598,C011352,2026-03-02 12:40:08,Desktop,Paid Social,control,103,0,
CS0000599,C010849,2026-03-02 12:40:27,Android,Paid Social,treatment,96,1,3289
CS0000600,C024209,2026-03-02 12:40:43,Desktop,App,control,123,1,4432
CS0000601,,2026-03-02 12:41:43,Android,Paid Social,control,161,1,6640
CS0000602,C010279,2026-03-02 12:41:57,Android,Direct,control,163,1,5750
CS0000603,,2026-03-02 12:43:03,Android,Paid Social,treatment,156,0,
CS0000604,C004796,2026-03-02 12:43:17,iOS,Organic Search,treatment,89,1,9382
CS0000605,C004016,2026-03-02 12:45:34,iOS,Paid Social,control,201,0,
CS0000606,C001350,2026-03-02 12:45:47,Android,Direct,treatment,227,1,5524
CS0000607,C006566,2026-03-02 12:48:05,Android,App,control,398,1,9995
CS0000608,C019008,2026-03-02 12:49:26,Android,Paid Social,control,135,1,1416
CS0000609,C018415,2026-03-02 12:49:43,Android,Organic Search,control,119,0,
CS0000610,C013890,2026-03-02 12:52:01,iOS,Paid Social,treatment,65,0,
CS0000611,C025388,2026-03-02 12:54:11,Desktop,App,treatment,109,1,10916
CS0000612,C003898,2026-03-02 12:55:34,Android,Referral,treatment,74,1,2604
CS0000613,C016477,2026-03-02 12:56:02,Android,Referral,treatment,40,0,
CS0000614,C020037,2026-03-02 12:56:19,Android,Paid Social,treatment,109,0,
CS0000615,,2026-03-02 12:56:26,iOS,Referral,control,74,1,766
CS0000616,C006805,2026-03-02 12:57:44,Android,Direct,treatment,73,1,4069
CS0000617,C008605,2026-03-02 12:58:22,Android,Organic Search,treatment,207,1,2751
CS0000618,,2026-03-02 12:58:28,Android,App,control,180,1,5651
CS0000619,C004305,2026-03-02 12:58:38,Desktop,Organic Search,treatment,111,1,3507
CS0000620,C007336,2026-03-02 13:03:05,Android,App,treatment,130,1,13522
CS0000621,,2026-03-02 13:06:04,Desktop,App,treatment,94,1,3918
CS0000622,,2026-03-02 13:06:29,Desktop,Organic Search,Control,71,1,5720
CS0000623,C025252,2026-03-02 13:06:37,Android,Paid Social,treatment,185,1,3049
CS0000624,C008953,2026-03-02 13:12:52,Desktop,Direct,control,238,1,6591
CS0000625,C009517,2026-03-02 13:13:54,Android,App,treatment,137,0,
CS0000626,,2026-03-02 13:14:11,Android,Paid Social,control,123,1,7430
CS0000627,C011015,2026-03-02 13:15:12,Android,App,control,391,0,
CS0000628,C028884,2026-03-02 13:18:06,Android,Paid Social,treatment,121,1,3659
CS0000629,,2026-03-02 13:18:10,Android,Organic Search,treatment,193,1,3187
CS0000630,C018228,2026-03-02 13:20:19,Android,Organic Search,control,282,1,2475
CS0000631,C025975,2026-03-02 13:20:55,Android,App,treatment,185,1,5292
CS0000632,,2026-03-02 13:26:21,Android,Paid Social,treatment,211,0,
CS0000633,C003985,2026-03-02 13:26:33,Android,App,treatment,125,1,5381
CS0000634,C002547,2026-03-02 13:26:37,Android,Direct,control,141,0,
CS0000635,C014946,2026-03-02 13:29:15,iOS,App,treatment,833,0,
CS0000636,C018265,2026-03-02 13:29:28,iOS,Direct,treatment,88,0,
CS0000637,C028524,2026-03-02 13:29:31,Desktop,Direct,control,336,1,3632
CS0000638,,2026-03-02 13:32:22,iOS,App,treatment,134,0,
CS0000639,,2026-03-02 13:34:38,Android,Organic Search,control,275,0,
CS0000640,C021917,2026-03-02 13:36:38,iOS,App,control,129,1,3886
CS0000641,C025774,2026-03-02 13:36:42,Desktop,Referral,treatment,226,1,9482
CS0000642,,2026-03-02 13:38:16,Desktop,Direct,treatment,0,0,
CS0000643,,2026-03-02 13:38:34,Android,App,control,450,0,
CS0000644,,2026-03-02 13:40:05,Android,Organic Search,control,306,1,1840
CS0000645,C026748,2026-03-02 13:40:42,Android,App,treatment,106,0,
CS0000646,C001506,2026-03-02 13:43:30,Android,Organic Search,treatment,635,0,
CS0000647,C005825,2026-03-02 13:46:54,Android,App,treatment,103,1,72601
CS0000648,C022033,2026-03-02 13:50:08,iOS,Paid Social,treatment,175,1,2750
CS0000649,,2026-03-02 13:51:16,Android,Paid Social,control,44,0,
CS0000650,C021993,2026-03-02 13:52:27,Desktop,App,control,327,1,8097
CS0000651,C019815,2026-03-02 13:53:10,iOS,App,control,248,1,11458
CS0000652,,2026-03-02 13:53:19,Desktop,App,control,133,0,
CS0000653,C004904,2026-03-02 13:53:54,Desktop,Organic Search,treatment,152,0,
CS0000654,,2026-03-02 13:54:30,Desktop,Paid Social,control,81,0,
CS0000655,C003711,2026-03-02 13:56:42,Android,App,treatment,483,1,4064
CS0000656,C022080,2026-03-02 13:58:01,Desktop,Direct,control,292,1,1917
CS0000657,,2026-03-02 13:59:52,Android,Direct,treatment,115,0,
CS0000658,C010907,2026-03-02 13:59:58,Desktop,Organic Search,control,433,0,
CS0000659,C021088,2026-03-02 14:00:47,Android,Organic Search,treatment,49,0,
CS0000660,C014275,2026-03-02 14:08:53,iOS,Organic Search,control,155,1,3483
CS0000661,C015664,2026-03-02 14:10:43,Desktop,Organic Search,treatment,532,1,9509
CS0000662,C012294,2026-03-02 14:11:14,Android,App,control,36,1,1630
CS0000663,C009726,2026-03-02 14:11:20,Android,Direct,treatment,258,1,7500
CS0000664,C028339,2026-03-02 14:11:24,Android,App,treatment,135,0,
CS0000665,C016134,2026-03-02 14:12:19,Android,Organic Search,treatment,336,1,2535
CS0000666,C020696,2026-03-02 14:12:57,Android,App,control,139,1,1022
CS0000667,,2026-03-02 14:13:31,Desktop,Paid Social,control,297,1,2502
CS0000668,C020059,2026-03-02 14:13:49,Android,Paid Social,treatment,189,1,1541
CS0000669,,2026-03-02 14:14:09,Android,App,treatment,221,1,7172
CS0000670,C017870,2026-03-02 14:15:37,Android,App,treatment,101,1,3112
CS0000671,,2026-03-02 14:17:33,iOS,Referral,treatment,35,1,3884
CS0000672,,2026-03-02 14:17:46,Desktop,Direct,treatment,393,0,
CS0000673,C007479,2026-03-02 14:18:28,Android,Paid Social,treatment,219,1,6668
CS0000674,C015453,2026-03-02 14:19:05,Android,App,control,155,1,11870
CS0000675,C009899,2026-03-02 14:19:33,Android,Direct,treatment,87,1,4633
CS0000676,C007453,2026-03-02 14:20:00,Desktop,Organic Search,control,58,1,7278
CS0000677,C027168,2026-03-02 14:20:58,Desktop,Organic Search,control,182,1,2058
CS0000678,C005795,2026-03-02 14:21:53,Android,Referral,control,326,1,3122
CS0000679,C004395,2026-03-02 14:22:36,Android,Paid Social,treatment,141,0,
CS0000680,C004168,2026-03-02 14:22:48,Android,Paid Social,treatment,113,1,3796
CS0000681,C004769,2026-03-02 14:23:05,Desktop,App,treatment,120,1,6661
CS0000682,C014706,2026-03-02 14:23:59,Android,App,control,497,0,
CS0000683,C011193,2026-03-02 14:24:19,Android,App,treatment,323,1,3299
CS0000684,C020379,2026-03-02 14:26:33,Android,Paid Social,treatment,417,0,
CS0000685,,2026-03-02 14:29:41,Android,Referral,treatment,129,1,3974
CS0000686,,2026-03-02 14:30:07,Desktop,Direct,Control,2,0,
CS0000687,C004961,2026-03-02 14:35:40,Android,Direct,control,143,1,1360
CS0000688,C024795,2026-03-02 14:37:29,iOS,Referral,treatment,177,1,12772
CS0000689,C010197,2026-03-02 14:37:39,Desktop,Organic Search,treatment,171,1,4578
CS0000690,C017198,2026-03-02 14:38:11,Desktop,Paid Social,control,413,0,
CS0000691,,2026-03-02 14:41:54,Android,App,control,210,0,
CS0000692,C008304,2026-03-02 14:42:02,iOS,Organic Search,control,172,1,2308
CS0000693,C023116,2026-03-02 14:42:55,Android,Organic Search,control,200,0,
CS0000694,,2026-03-02 14:45:08,Android,Direct,control,151,1,7948
CS0000695,C021734,2026-03-02 14:45:52,Desktop,App,treatment,675,1,5020
CS0000696,C025438,2026-03-02 14:47:09,Desktop,Paid Social,control,262,1,1385
CS0000697,C004431,2026-03-02 14:47:56,iOS,App,treatment,151,1,9856
CS0000698,C007794,2026-03-02 14:48:05,Android,Referral,control,207,0,
CS0000699,C011458,2026-03-02 14:54:06,Desktop,App,control,134,1,4049
CS0000700,,2026-03-02 14:57:32,Android,App,TREATMENT ,254,1,10155
CS0000701,C016055,2026-03-02 14:58:16,Android,Direct,control,730,0,
CS0000702,C001664,2026-03-02 14:58:56,iOS,App,control,225,1,8486
CS0000703,C010112,2026-03-02 14:59:18,Desktop,Paid Social,control,196,1,4045
CS0000704,C012462,2026-03-02 14:59:31,Android,Organic Search,treatment,392,0,
CS0000705,C007907,2026-03-02 15:00:14,Android,App,treatment,172,1,7035
CS0000706,,2026-03-02 15:04:49,Desktop,App,treatment,110,0,
CS0000707,C001832,2026-03-02 15:07:34,Android,App,control,176,0,
CS0000708,C015702,2026-03-02 15:11:36,Android,App,treatment,212,1,993
CS0000709,C022705,2026-03-02 15:13:49,Android,Organic Search,control,143,1,3776
CS0000710,C028113,2026-03-02 15:16:07,Desktop,Paid Social,control,118,1,16796
CS0000711,C002747,2026-03-02 15:18:56,Android,App,treatment,73,0,
CS0000712,C017697,2026-03-02 15:21:53,Desktop,Referral,treatment,491,0,
CS0000713,C023766,2026-03-02 15:22:42,Android,Organic Search,treatment,81,1,4729
CS0000714,C025634,2026-03-02 15:23:00,Desktop,App,treatment,267,1,4544
CS0000715,C005217,2026-03-02 15:23:37,iOS,Direct,treatment,150,0,
CS0000716,,2026-03-02 15:31:17,iOS,Organic Search,control,179,1,14187
CS0000717,C020693,2026-03-02 15:32:42,Android,Paid Social,treatment,462,1,2198
CS0000718,,2026-03-02 15:33:25,iOS,App,treatment,258,1,6951
CS0000719,C023826,2026-03-02 15:38:58,Android,Organic Search,control,396,1,11864
CS0000720,C025851,2026-03-02 15:42:08,Android,Direct,treatment,187,1,6346
CS0000721,C024337,2026-03-02 15:42:47,Android,Direct,Treatment,255,1,4130
CS0000722,C025982,2026-03-02 15:44:33,iOS,Paid Social,treatment,165,0,
CS0000723,,2026-03-02 15:45:49,Android,App,control,102,0,
CS0000724,C003994,2026-03-02 15:51:07,Android,Paid Social,control,291,1,2716
CS0000725,C021218,2026-03-02 15:51:11,Android,Referral,treatment,233,1,22297
CS0000726,C008603,2026-03-02 15:51:58,Android,Organic Search,treatment,281,1,2723
CS0000727,C001397,2026-03-02 15:52:15,Desktop,App,treatment,223,1,3608
CS0000728,,2026-03-02 15:52:38,iOS,App,control,568,1,846
CS0000729,C017019,2026-03-02 15:55:04,Android,Paid Social,control,134,1,1619
CS0000730,,2026-03-02 16:03:33,Android,App,control,130,1,7327
CS0000731,,2026-03-02 16:04:41,Android,Direct,treatment,100,0,
CS0000732,C000614,2026-03-02 16:05:16,Android,Referral,control,244,1,7796
CS0000733,,2026-03-02 16:06:10,Android,Direct,treatment,50,0,
CS0000734,,2026-03-02 16:06:42,Android,Direct,control,152,0,
CS0000735,,2026-03-02 16:09:05,Android,Paid Social,control,149,0,
CS0000736,C002896,2026-03-02 16:09:05,Android,App,treatment,294,0,
CS0000737,C001512,2026-03-02 16:10:54,Android,Paid Social,control,289,1,6032
CS0000738,C005071,2026-03-02 16:12:35,Android,App,treatment,297,0,
CS0000739,C015718,2026-03-02 16:13:25,Android,Organic Search,treatment,68,1,27141
CS0000740,C027174,2026-03-02 16:14:50,Android,Organic Search,treatment,238,0,
CS0000741,C008949,2026-03-02 16:15:13,Android,Organic Search,control,79,1,2445
CS0000742,C010426,2026-03-02 16:16:36,iOS,Direct,control,143,1,2849
CS0000743,,2026-03-02 16:17:22,Desktop,Organic Search,treatment,160,1,3795
CS0000744,,2026-03-02 16:17:55,Android,Direct,treatment,229,1,3217
CS0000745,,2026-03-02 16:18:35,iOS,App,control,67,1,3495
CS0000746,C021169,2026-03-02 16:21:55,Android,App,control,175,1,1331
CS0000747,C016679,2026-03-02 16:22:30,Desktop,Paid Social,treatment,495,1,5830
CS0000748,C001232,2026-03-02 16:23:56,Android,Organic Search,control,182,1,5297
CS0000749,C023506,2026-03-02 16:25:00,Desktop,App,treatment,400,1,4803
CS0000750,C016474,2026-03-02 16:26:10,Android,App,treatment,216,0,
CS0000751,C006675,2026-03-02 16:27:32,Desktop,App,treatment,175,0,
CS0000752,C001866,2026-03-02 16:27:51,Android,Direct,control,252,0,
CS0000753,C011081,2026-03-02 16:28:37,Android,Paid Social,control,495,0,
CS0000754,C024828,2026-03-02 16:29:14,Desktop,App,control,84,0,
CS0000755,,2026-03-02 16:32:47,Desktop,Referral,control,157,1,3961
CS0000756,,2026-03-02 16:33:45,iOS,App,treatment,125,1,5605
CS0000757,C016853,2026-03-02 16:34:26,Desktop,Referral,treatment,109,1,1451
CS0000758,C016230,2026-03-02 16:34:30,Android,Organic Search,Control,140,0,
CS0000759,C021696,2026-03-02 16:38:16,Android,Organic Search,control,245,1,2132
CS0000760,,2026-03-02 16:44:02,Android,Organic Search,control,81,0,
CS0000761,C020095,2026-03-02 16:45:36,Android,App,control,764,0,
CS0000762,C027648,2026-03-02 16:46:56,Android,Paid Social,treatment,190,1,4665
CS0000763,C000597,2026-03-02 16:47:27,Desktop,App,treatment,75,0,
CS0000764,,2026-03-02 16:49:12,Desktop,Direct,treatment,2,0,
CS0000765,C014070,2026-03-02 16:50:29,Desktop,Direct,control,130,1,9067
CS0000766,C017484,2026-03-02 16:51:08,Android,Paid Social,treatment,504,0,
CS0000767,C018466,2026-03-02 16:54:01,Android,Direct,control,161,0,
CS0000768,C019508,2026-03-02 16:56:36,Desktop,Direct,control,111,0,
CS0000769,C016347,2026-03-02 16:57:16,Android,Paid Social,control,198,0,
CS0000770,C028999,2026-03-02 17:00:28,Desktop,Paid Social,control,108,1,3146
CS0000771,C002559,2026-03-02 17:00:51,Android,Organic Search,control,222,1,3651
CS0000772,C013439,2026-03-02 17:03:05,Desktop,Direct,control,419,0,
CS0000773,C007719,2026-03-02 17:03:23,Android,Direct,control,202,0,
CS0000774,C022950,2026-03-02 17:03:25,Android,App,control,82,0,
CS0000775,,2026-03-02 17:04:05,iOS,Direct,treatment,145,0,
CS0000776,C019148,2026-03-02 17:04:46,Android,Paid Social,treatment,41,1,12227
CS0000777,C008619,2026-03-02 17:05:49,Desktop,Paid Social,control,270,0,
CS0000778,C023115,2026-03-02 17:07:00,Android,Paid Social,treatment,169,1,2295
CS0000779,C015362,2026-03-02 17:09:30,Android,App,control,233,0,
CS0000780,C005263,2026-03-02 17:09:34,Android,Referral,control,163,0,
CS0000781,C007466,2026-03-02 17:10:46,Android,App,treatment,413,0,
CS0000782,C014493,2026-03-02 17:14:17,Desktop,Paid Social,treatment,165,1,7716
CS0000783,C011471,2026-03-02 17:14:40,Android,App,treatment,150,0,
CS0000784,,2026-03-02 17:16:16,Android,Paid Social,treatment,174,1,12658
CS0000785,,2026-03-02 17:17:05,Android,Referral,control,232,0,
CS0000786,C023331,2026-03-02 17:22:23,Android,Organic Search,Treatment,230,0,
CS0000787,C010114,2026-03-02 17:24:38,Desktop,App,control,96,1,7783
CS0000788,C024742,2026-03-02 17:25:05,Desktop,Paid Social,control,135,0,
CS0000789,C000266,2026-03-02 17:25:07,Android,Referral,treatment,51,1,3348
CS0000790,C020633,2026-03-02 17:26:07,Android,Referral,control,185,0,
CS0000791,C007574,2026-03-02 17:27:14,Desktop,App,treatment,625,1,4335
CS0000792,C009687,2026-03-02 17:28:51,Android,Referral,treatment,89,0,
CS0000793,C023904,2026-03-02 17:30:07,Android,App,treatment,124,1,6542
CS0000794,C024513,2026-03-02 17:30:14,Desktop,Direct,control,165,1,2781
CS0000795,,2026-03-02 17:30:17,Android,App,control,105,0,
CS0000796,C005303,2026-03-02 17:31:14,Desktop,Organic Search,control,64,1,15115
CS0000797,C012146,2026-03-02 17:31:51,Desktop,Direct,Control,414,1,10467
CS0000798,,2026-03-02 17:32:44,Android,Referral,control,269,1,17423
CS0000799,C022963,2026-03-02 17:34:04,iOS,Organic Search,treatment,190,1,1626
CS0000800,,2026-03-02 17:34:13,Android,Organic Search,CONTROL ,323,1,5638
CS0000801,C013546,2026-03-02 17:36:08,Desktop,Paid Social,treatment,78,1,2505
CS0000802,C024700,2026-03-02 17:37:48,Android,Organic Search,control,292,1,6728
CS0000803,C004810,2026-03-02 17:40:15,Android,App,treatment,86,0,
CS0000804,C019232,2026-03-02 17:40:35,Desktop,Referral,treatment,113,1,1137
CS0000805,,2026-03-02 17:41:47,iOS,Organic Search,control,130,1,3689
CS0000806,C009987,2026-03-02 17:42:38,Android,Paid Social,treatment,150,1,6764
CS0000807,,2026-03-02 17:43:38,Android,App,control,144,1,4332
CS0000808,C002807,2026-03-02 17:43:44,Android,App,control,426,0,
CS0000809,C011230,2026-03-02 17:44:24,Desktop,Organic Search,control,244,1,3351
CS0000810,C005906,2026-03-02 17:44:46,Desktop,Organic Search,treatment,249,0,
CS0000811,C018651,2026-03-02 17:46:14,Android,Paid Social,control,148,1,3724
CS0000812,C028031,2026-03-02 17:47:25,Android,Referral,treatment,81,1,6254
CS0000813,,2026-03-02 17:53:07,Android,Organic Search,control,102,1,3256
CS0000814,,2026-03-02 17:55:42,Android,Paid Social,treatment,43,0,
CS0000815,C016462,2026-03-02 17:57:00,Android,Paid Social,treatment,70,1,1496
CS0000816,,2026-03-02 17:57:55,Android,Organic Search,treatment,259,1,10084
CS0000817,C010989,2026-03-02 18:02:04,Android,Paid Social,treatment,724,0,
CS0000818,C021631,2026-03-02 18:03:13,Android,Organic Search,treatment,151,1,5459
CS0000819,C010058,2026-03-02 18:03:37,Android,App,treatment,120,1,2264
CS0000820,C020978,2026-03-02 18:04:19,Android,Organic Search,control,379,1,7015
CS0000821,C003393,2026-03-02 18:05:56,Android,Organic Search,control,177,1,7628
CS0000822,C000435,2026-03-02 18:07:18,Android,Organic Search,treatment,183,1,6216
CS0000823,,2026-03-02 18:08:54,Desktop,Direct,treatment,1,0,
CS0000824,C011662,2026-03-02 18:09:44,Android,Organic Search,treatment,110,1,4634
CS0000825,C012652,2026-03-02 18:12:14,Android,Organic Search,treatment,165,0,
CS0000826,C000300,2026-03-02 18:12:37,Android,Referral,control,62,1,3657
CS0000827,C026560,2026-03-02 18:13:04,Android,App,control,236,1,4937
CS0000828,C017047,2026-03-02 18:13:37,Android,Paid Social,treatment,984,1,2549
CS0000829,,2026-03-02 18:14:52,Android,Direct,control,72,1,5977
CS0000830,C003453,2026-03-02 18:16:24,Android,Referral,treatment,385,1,5064
CS0000831,C017288,2026-03-02 18:17:26,Android,Paid Social,control,222,1,3502
CS0000832,C003058,2026-03-02 18:18:11,Desktop,Paid Social,treatment,644,1,5260
CS0000833,C000398,2026-03-02 18:20:47,Desktop,App,control,294,1,10140
CS0000834,,2026-03-02 18:22:50,Android,Paid Social,treatment,179,1,8441
CS0000835,C010823,2026-03-02 18:24:24,Desktop,Direct,control,104,1,3065
CS0000836,C021200,2026-03-02 18:25:33,Android,Direct,control,383,1,6765
CS0000837,C000007,2026-03-02 18:29:21,Android,Paid Social,treatment,446,0,
CS0000838,C002492,2026-03-02 18:30:59,Desktop,Paid Social,control,138,0,
CS0000839,C006708,2026-03-02 18:34:04,Desktop,Direct,control,165,0,
CS0000840,C027947,2026-03-02 18:36:18,Desktop,Direct,control,125,0,
CS0000841,C006673,2026-03-02 18:43:26,Desktop,Organic Search,treatment,284,1,15242
CS0000842,C024860,2026-03-02 18:45:49,iOS,Organic Search,control,62,1,6163
CS0000843,,2026-03-02 18:46:14,Android,Direct,control,248,1,16733
CS0000844,C026204,2026-03-02 18:47:46,Desktop,App,treatment,184,0,
CS0000845,,2026-03-02 18:49:50,Desktop,Paid Social,treatment,231,1,10721
CS0000846,C019412,2026-03-02 18:51:06,Android,App,treatment,236,0,
CS0000847,,2026-03-02 18:51:43,Desktop,Organic Search,control,170,1,4296
CS0000848,C019217,2026-03-02 18:53:02,Android,Direct,control,171,0,
CS0000849,,2026-03-02 19:00:20,Desktop,Direct,treatment,0,0,
CS0000850,C003852,2026-03-02 19:00:35,iOS,Organic Search,treatment,508,1,9824
CS0000851,C016790,2026-03-02 19:01:50,Android,Direct,control,50,0,
CS0000852,,2026-03-02 19:01:55,Android,Referral,control,99,1,5812
CS0000853,C019007,2026-03-02 19:04:40,iOS,App,treatment,77,1,4789
CS0000854,C026382,2026-03-02 19:05:07,Android,App,control,203,1,3221
CS0000855,C010859,2026-03-02 19:06:39,Android,Paid Social,treatment,122,0,
CS0000856,C025098,2026-03-02 19:07:30,Android,Organic Search,control,216,0,
CS0000857,C018890,2026-03-02 19:09:04,Desktop,App,control,267,0,
CS0000858,,2026-03-02 19:09:22,Android,App,control,281,1,3534
CS0000859,C017846,2026-03-02 19:11:39,Android,Organic Search,control,123,0,
CS0000860,C002393,2026-03-02 19:12:00,iOS,Paid Social,treatment,122,0,
CS0000861,C007956,2026-03-02 19:12:05,Desktop,Paid Social,treatment,187,0,
CS0000862,C024126,2026-03-02 19:13:22,Android,App,treatment,111,1,5986
CS0000863,C004390,2026-03-02 19:13:30,Android,Direct,control,42,1,4390
CS0000864,C026117,2026-03-02 19:14:50,Android,Paid Social,treatment,426,0,
CS0000865,C006049,2026-03-02 19:15:05,iOS,App,control,49,1,4318
CS0000866,C021294,2026-03-02 19:15:32,Desktop,Direct,control,224,1,7481
CS0000867,C002334,2026-03-02 19:18:09,Android,Referral,control,188,1,11856
CS0000868,C009392,2026-03-02 19:20:57,iOS,Referral,treatment,315,1,1211
CS0000869,C001771,2026-03-02 19:21:30,Android,Organic Search,treatment,83,1,1636
CS0000870,C020621,2026-03-02 19:21:54,Desktop,App,control,227,1,4604
CS0000871,C023954,2026-03-02 19:22:28,Android,Direct,control,103,1,4089
CS0000872,C013236,2026-03-02 19:23:10,Android,App,treatment,543,0,
CS0000873,C015425,2026-03-02 19:23:38,Android,Organic Search,Control,329,1,2695
CS0000874,C008177,2026-03-02 19:24:05,Android,App,control,1403,1,4561
CS0000875,,2026-03-02 19:24:47,Android,Paid Social,control,49,0,
CS0000876,C016727,2026-03-02 19:27:13,Android,Organic Search,control,654,1,2691
CS0000877,,2026-03-02 19:27:23,Android,App,treatment,114,0,
CS0000878,,2026-03-02 19:28:33,Android,Referral,treatment,183,1,1272
CS0000879,,2026-03-02 19:29:17,Desktop,Direct,treatment,1,0,
CS0000880,C005924,2026-03-02 19:29:20,Desktop,Direct,control,210,1,2219
CS0000881,,2026-03-02 19:30:01,Desktop,Paid Social,control,310,1,3435
CS0000882,,2026-03-02 19:30:25,iOS,App,Treatment,58,1,2204
CS0000883,C007769,2026-03-02 19:31:18,Android,Referral,treatment,194,0,
CS0000884,C013856,2026-03-02 19:31:34,iOS,Direct,control,188,1,1278
CS0000885,,2026-03-02 19:32:26,Android,App,control,101,0,
CS0000886,C016939,2026-03-02 19:32:44,Android,Paid Social,treatment,218,0,
CS0000887,C025384,2026-03-02 19:34:10,Desktop,Direct,control,123,0,
CS0000888,,2026-03-02 19:34:47,Android,Direct,control,201,0,
CS0000889,C016507,2026-03-02 19:35:30,Android,Organic Search,control,114,0,
CS0000890,C015974,2026-03-02 19:35:32,Android,Referral,treatment,165,0,
CS0000891,C010960,2026-03-02 19:36:13,Android,Paid Social,control,253,0,
CS0000892,C023892,2026-03-02 19:38:39,Android,App,Control,118,0,
CS0000893,C000115,2026-03-02 19:39:04,iOS,Organic Search,treatment,389,0,
CS0000894,C016533,2026-03-02 19:39:06,Android,App,treatment,187,1,2330
CS0000895,C008396,2026-03-02 19:39:25,Desktop,Direct,treatment,278,1,3963
CS0000896,C002226,2026-03-02 19:39:49,Android,Paid Social,control,44,0,
CS0000897,C019463,2026-03-02 19:41:53,Android,App,control,819,0,
CS0000898,C016049,2026-03-02 19:43:10,iOS,Paid Social,treatment,219,1,3877
CS0000899,C011236,2026-03-02 19:43:50,Android,Referral,treatment,497,1,1699
CS0000900,C016045,2026-03-02 19:44:13,Android,Paid Social,control,91,1,6532
CS0000901,C024174,2026-03-02 19:45:21,Android,Paid Social,treatment,45,1,5330
CS0000902,C027633,2026-03-02 19:46:18,iOS,App,control,255,0,
CS0000903,,2026-03-02 19:47:21,Desktop,Paid Social,Treatment,162,1,12521
CS0000904,C008802,2026-03-02 19:47:31,iOS,Direct,treatment,204,1,9574
CS0000905,C013225,2026-03-02 19:48:30,Desktop,Paid Social,control,142,0,
CS0000906,C028483,2026-03-02 19:50:33,Android,App,treatment,232,1,3020
CS0000907,C015976,2026-03-02 19:51:44,Desktop,Organic Search,treatment,151,1,3774
CS0000908,C023076,2026-03-02 19:52:26,Android,Organic Search,control,84,0,
CS0000909,,2026-03-02 19:52:46,Desktop,Direct,treatment,395,1,1923
CS0000910,C017813,2026-03-02 19:53:55,Android,App,control,432,1,3717
CS0000911,C019659,2026-03-02 19:54:24,Android,App,treatment,284,1,2432
CS0000912,C010079,2026-03-02 19:54:35,iOS,Direct,control,318,1,1831
CS0000913,,2026-03-02 19:54:37,Android,Paid Social,control,165,1,2208
CS0000914,C028460,2026-03-02 19:55:32,iOS,App,control,199,1,6248
CS0000915,C008412,2026-03-02 19:56:14,Android,Direct,treatment,1272,1,3767
CS0000916,,2026-03-02 19:56:26,Android,Paid Social,treatment,67,0,
CS0000917,,2026-03-02 19:57:26,Desktop,Organic Search,treatment,232,1,4574
CS0000918,C001737,2026-03-02 19:58:24,Android,Organic Search,treatment,181,0,
CS0000919,,2026-03-02 19:58:33,Desktop,Organic Search,control,100,0,
CS0000920,,2026-03-02 19:58:48,Desktop,Organic Search,control,59,1,5064
CS0000921,,2026-03-02 19:59:52,iOS,App,control,168,0,
CS0000922,,2026-03-02 20:00:07,Android,Paid Social,treatment,133,0,
CS0000923,C011664,2026-03-02 20:00:38,Android,Referral,control,95,1,14193
CS0000924,C000156,2026-03-02 20:00:58,iOS,Referral,control,77,1,1280
CS0000925,,2026-03-02 20:02:06,Android,App,treatment,114,1,3620
CS0000926,C006977,2026-03-02 20:02:08,iOS,Direct,control,310,1,6502
CS0000927,C026630,2026-03-02 20:03:35,Android,App,control,279,0,
CS0000928,C013050,2026-03-02 20:03:42,iOS,App,treatment,166,1,1260
CS0000929,C005842,2026-03-02 20:03:50,Android,App,treatment,283,1,6087
CS0000929,C005842,2026-03-02 20:03:50,Android,App,treatment,283,1,6087
CS0000930,C026366,2026-03-02 20:03:55,Desktop,Referral,control,115,0,
CS0000931,C018514,2026-03-02 20:04:16,Android,Referral,treatment,277,1,1616
CS0000932,C002503,2026-03-02 20:05:20,Android,App,treatment,182,1,4731
CS0000933,,2026-03-02 20:05:26,Android,App,treatment,174,1,6802
CS0000934,,2026-03-02 20:05:30,Desktop,Direct,treatment,217,1,1595
CS0000935,,2026-03-02 20:06:38,Desktop,Organic Search,treatment,442,1,5098
CS0000936,C003304,2026-03-02 20:06:42,Android,Organic Search,treatment,125,0,
CS0000937,C021891,2026-03-02 20:06:53,Android,Organic Search,control,248,0,
CS0000938,C024956,2026-03-02 20:07:30,Android,Direct,control,60,1,8005
CS0000939,C003490,2026-03-02 20:08:58,iOS,Paid Social,treatment,170,1,3616
CS0000940,C026350,2026-03-02 20:10:15,Desktop,Organic Search,treatment,151,1,3486
CS0000941,C009473,2026-03-02 20:10:28,iOS,Referral,treatment,62,1,979
CS0000942,C010147,2026-03-02 20:10:33,Desktop,Direct,control,100,0,
CS0000943,C002043,2026-03-02 20:10:45,Desktop,Direct,Treatment,207,1,5703
CS0000944,C021918,2026-03-02 20:11:16,iOS,Referral,control,236,1,2481
CS0000945,C009363,2026-03-02 20:11:59,Android,App,treatment,158,0,
CS0000946,C008124,2026-03-02 20:12:11,Android,Organic Search,treatment,725,1,6083
CS0000947,,2026-03-02 20:12:20,Android,Direct,treatment,174,0,
CS0000948,C010999,2026-03-02 20:12:29,Android,Organic Search,control,79,0,
CS0000949,C021233,2026-03-02 20:13:35,Desktop,Direct,control,111,1,4921
CS0000950,C009095,2026-03-02 20:14:32,Android,Paid Social,TREATMENT ,155,1,6253
CS0000951,C022069,2026-03-02 20:15:09,iOS,Organic Search,treatment,51,1,3688
CS0000952,C008384,2026-03-02 20:15:16,Android,Paid Social,treatment,383,1,10386
CS0000953,C024138,2026-03-02 20:15:38,Android,App,treatment,143,1,2244
CS0000954,C008078,2026-03-02 20:15:39,Android,Organic Search,control,174,0,
CS0000955,C023287,2026-03-02 20:16:12,Android,App,control,192,0,
CS0000956,C022948,2026-03-02 20:16:41,Android,Direct,treatment,43,0,
CS0000957,C012130,2026-03-02 20:16:54,Android,Direct,treatment,155,1,7058
CS0000958,C021141,2026-03-02 20:17:11,Android,Referral,treatment,116,0,
CS0000959,C007715,2026-03-02 20:17:23,Android,Direct,control,162,0,
CS0000960,C022685,2026-03-02 20:18:19,Desktop,App,treatment,155,0,
CS0000961,,2026-03-02 20:18:27,Android,Organic Search,treatment,158,1,4973
CS0000962,C013983,2026-03-02 20:19:12,Desktop,App,treatment,187,1,901
CS0000963,C020469,2026-03-02 20:19:54,Android,Organic Search,control,219,0,
CS0000964,C007398,2026-03-02 20:19:57,Android,Paid Social,control,203,1,2662
CS0000965,C021155,2026-03-02 20:21:01,Android,Paid Social,control,87,0,
CS0000966,,2026-03-02 20:21:30,Desktop,Referral,treatment,30,1,3042
CS0000967,C018538,2026-03-02 20:21:37,Android,Direct,treatment,199,1,4879
CS0000968,C000658,2026-03-02 20:22:02,iOS,Organic Search,treatment,539,1,2816
CS0000969,C024238,2026-03-02 20:23:24,Android,App,control,74,0,
CS0000970,,2026-03-02 20:23:28,Android,Paid Social,control,130,1,5638
CS0000971,C006785,2026-03-02 20:23:31,Android,App,control,84,1,4430
CS0000972,C008490,2026-03-02 20:24:38,Android,Organic Search,treatment,335,1,2819
CS0000973,,2026-03-02 20:24:41,Android,Paid Social,control,344,0,
CS0000974,C016690,2026-03-02 20:25:09,Android,Organic Search,treatment,144,1,6709
CS0000975,C007033,2026-03-02 20:25:31,iOS,Referral,control,149,1,3845
CS0000976,C028095,2026-03-02 20:25:38,Android,Organic Search,treatment,63,1,2786
CS0000977,C005000,2026-03-02 20:25:43,Android,App,treatment,178,0,
CS0000978,C023897,2026-03-02 20:25:49,Android,Referral,treatment,257,1,1182
CS0000979,C003414,2026-03-02 20:25:51,Android,Organic Search,treatment,273,1,8833
CS0000980,C006528,2026-03-02 20:26:30,iOS,App,treatment,249,1,5541
CS0000981,C009494,2026-03-02 20:27:35,Android,Paid Social,treatment,141,1,2565
CS0000982,C025794,2026-03-02 20:28:00,Android,App,control,269,1,4327
CS0000983,,2026-03-02 20:28:21,Android,Organic Search,control,64,1,5779
CS0000984,C005754,2026-03-02 20:29:52,Desktop,Paid Social,control,97,1,1899
CS0000985,C003987,2026-03-02 20:30:28,Desktop,App,control,77,1,6771
CS0000986,C003278,2026-03-02 20:30:47,Desktop,App,control,325,1,8362
CS0000987,C000988,2026-03-02 20:31:42,Android,App,control,102,1,16326
CS0000988,C027649,2026-03-02 20:32:03,Desktop,Organic Search,control,218,1,1442
CS0000989,C003247,2026-03-02 20:32:13,Android,Direct,control,39,1,3549
CS0000990,,2026-03-02 20:33:24,Desktop,Direct,control,305,1,4643
CS0000991,C006754,2026-03-02 20:34:00,Desktop,Organic Search,control,431,1,13424
CS0000992,C022300,2026-03-02 20:34:51,iOS,App,control,144,1,6089
CS0000993,C011591,2026-03-02 20:34:54,iOS,Organic Search,control,225,1,3150
CS0000994,,2026-03-02 20:35:44,iOS,Organic Search,control,90,0,
CS0000995,,2026-03-02 20:35:44,Android,Paid Social,treatment,424,0,
