order_item_id,order_id,product_id,quantity,unit_price,discount_pct
OI0000001,ORD0000001,P00449,1,3499,0
OI0000002,ORD0000001,P00301,1,449,0
OI0000003,ORD0000002,P00437,1,1949,0
OI0000004,ORD0000003,P00590,1,2399,0
OI0000005,ORD0000003,P00220,1,7099,0
OI0000006,ORD0000003,P00541,2,599,0
OI0000007,ORD0000004,P00401,1,3314,15
OI0000008,ORD0000005,P00090,1,1359,15
OI0000009,ORD0000005,P00042,1,2549,15
OI0000010,ORD0000005,P00285,1,679,15
OI0000011,ORD0000006,P00039,1,4099,0
OI0000012,ORD0000007,P00629,1,4499,0
OI0000013,ORD0000008,P00380,1,5899,0
OI0000014,ORD0000009,P00124,1,3484,15
OI0000015,ORD0000009,P00189,1,2974,15
OI0000016,ORD0000010,P00197,1,2599,0
OI0000017,ORD0000011,P00408,1,3314,15
OI0000018,ORD0000012,P00203,1,6499,0
OI0000019,ORD0000012,P00285,1,799,0
OI0000020,ORD0000013,P00337,1,2199,0
OI0000021,ORD0000014,P00563,3,1104,15
OI0000022,ORD0000014,P00080,1,1487,15
OI0000023,ORD0000015,P00365,1,1149,0
OI0000024,ORD0000016,P00438,1,9499,0
OI0000025,ORD0000017,P00416,1,2804,15
OI0000026,ORD0000018,P00520,2,3569,15
OI0000027,ORD0000019,P00408,1,3314,15
OI0000028,ORD0000020,P00299,1,1049,0
OI0000029,ORD0000021,P00257,1,24054,15
OI0000030,ORD0000022,P00066,1,2799,0
OI0000031,ORD0000023,P00563,2,1299,0
OI0000032,ORD0000024,P00354,1,1487,15
OI0000033,ORD0000025,P00527,3,949,0
OI0000034,ORD0000025,P00197,1,2599,0
OI0000035,ORD0000026,P00510,3,5199,0
OI0000036,ORD0000027,P00408,1,3314,15
OI0000037,ORD0000027,P00051,1,934,15
OI0000038,ORD0000027,P00623,1,3399,15
OI0000039,ORD0000027,P00053,1,4164,15
OI0000040,ORD0000028,P00607,1,2999,0
OI0000041,ORD0000029,P00330,1,2039,15
OI0000042,ORD0000029,P00586,1,2464,15
OI0000043,ORD0000030,P00510,1,5199,0
OI0000044,ORD0000031,P00231,1,118899,0
OI0000045,ORD0000032,P00315,1,1104,15
OI0000046,ORD0000033,P00313,1,1487,15
OI0000047,ORD0000034,P00579,1,934,15
OI0000048,ORD0000035,P00546,2,552,15
OI0000049,ORD0000036,P00380,1,5014,15
OI0000050,ORD0000036,P00202,1,5439,15
OI0000051,ORD0000037,P00315,1,1299,0
OI0000052,ORD0000038,P00581,1,1954,15
OI0000053,ORD0000039,P00256,1,40799,0
OI0000054,ORD0000040,P00076,1,2499,0
OI0000055,ORD0000040,P00130,1,4299,0
OI0000056,ORD0000041,P00625,1,5299,0
OI0000057,ORD0000042,P00193,1,4599,0
OI0000058,ORD0000043,P00557,2,382,15
OI0000059,ORD0000043,P00158,1,1699,15
OI0000060,ORD0000044,P00459,1,2699,0
OI0000061,ORD0000045,P00188,1,2599,0
OI0000062,ORD0000045,P00408,1,3899,0
OI0000063,ORD0000046,P00462,2,599,0
OI0000064,ORD0000046,P00581,1,2299,0
OI0000065,ORD0000046,P00456,1,999,0
OI0000066,ORD0000046,P00255,1,14299,0
OI0000067,ORD0000047,P00033,1,2399,0
OI0000068,ORD0000047,P00612,1,2399,0
OI0000069,ORD0000047,P00132,1,6099,0
OI0000070,ORD0000048,P00090,1,1599,0
OI0000071,ORD0000048,P00071,1,4899,0
OI0000072,ORD0000049,P00296,1,3199,0
OI0000073,ORD0000049,P00056,1,1949,0
OI0000074,ORD0000050,P00285,1,799,0
OI0000075,ORD0000051,P00282,1,799,0
OI0000076,ORD0000052,P00401,1,3899,0
OI0000077,ORD0000053,P00285,1,799,0
OI0000078,ORD0000054,P00438,1,8074,15
OI0000079,ORD0000055,P00309,1,1104,15
OI0000080,ORD0000055,P00189,1,2974,15
OI0000081,ORD0000056,P00246,1,17899,0
OI0000082,ORD0000057,P00474,1,8299,0
OI0000083,ORD0000058,P00276,1,1799,0
OI0000084,ORD0000058,P00533,1,3399,0
OI0000085,ORD0000059,P00220,1,6034,15
OI0000086,ORD0000060,P00628,1,1869,15
OI0000087,ORD0000061,P00573,3,1099,0
OI0000088,ORD0000062,P00315,1,1299,0
OI0000089,ORD0000063,P00401,1,3899,0
OI0000090,ORD0000064,P00152,1,2464,15
OI0000091,ORD0000064,P00315,1,1104,15
OI0000092,ORD0000064,P00217,1,10369,15
OI0000093,ORD0000065,P00488,1,1249,0
OI0000094,ORD0000065,P00493,3,2599,0
OI0000095,ORD0000065,P00527,2,949,0
OI0000096,ORD0000066,P00163,1,2719,15
OI0000097,ORD0000067,P00309,1,1299,0
OI0000098,ORD0000067,P00572,1,399,0
OI0000099,ORD0000068,P00173,1,3699,0
OI0000100,ORD0000069,P00269,1,764,15
OI0000101,ORD0000069,P00594,2,1189,15
OI0000102,ORD0000070,P00511,1,3999,0
OI0000103,ORD0000071,P00605,1,2299,0
OI0000104,ORD0000071,P00124,1,4099,0
OI0000105,ORD0000071,P00478,2,699,0
OI0000106,ORD0000072,P00415,1,2039,15
OI0000107,ORD0000072,P00007,1,4249,15
OI0000108,ORD0000073,P00042,1,2999,0
OI0000109,ORD0000074,P00603,1,1099,0
OI0000110,ORD0000075,P00162,1,4079,15
OI0000111,ORD0000076,P00529,1,1199,0
OI0000112,ORD0000077,P00309,1,1104,15
OI0000113,ORD0000078,P00488,3,1249,0
OI0000114,ORD0000078,P00255,1,14299,0
OI0000115,ORD0000079,P00026,1,1449,0
OI0000116,ORD0000079,P00124,1,4099,0
OI0000117,ORD0000080,P00331,1,1529,15
OI0000118,ORD0000080,P00470,2,2039,15
OI0000119,ORD0000081,P00605,1,2299,0
OI0000120,ORD0000082,P00010,1,1699,15
OI0000121,ORD0000082,P00336,1,1657,15
OI0000122,ORD0000083,P00153,1,1954,15
OI0000123,ORD0000083,P00408,1,3314,15
OI0000124,ORD0000084,P00124,1,4099,0
OI0000125,ORD0000085,P00348,1,1649,0
OI0000126,ORD0000085,P00309,1,1299,0
OI0000127,ORD0000086,P00451,1,2999,0
OI0000128,ORD0000086,P00630,1,849,0
OI0000129,ORD0000086,P00147,1,1499,0
OI0000130,ORD0000086,P00042,1,2999,0
OI0000131,ORD0000087,P00476,1,899,0
OI0000132,ORD0000088,P00332,1,1104,15
OI0000133,ORD0000089,P00474,1,7054,15
OI0000134,ORD0000090,P00016,1,2124,15
OI0000135,ORD0000090,P00351,1,1487,15
OI0000136,ORD0000091,P00569,2,1699,0
OI0000137,ORD0000092,P00053,1,4899,0
OI0000138,ORD0000092,P00489,1,3699,0
OI0000139,ORD0000093,P00614,1,1249,0
OI0000140,ORD0000093,P00009,1,1799,0
OI0000141,ORD0000094,P00104,1,4699,0
OI0000142,ORD0000094,P00324,1,699,0
OI0000143,ORD0000094,P00418,1,6499,0
OI0000144,ORD0000095,P00401,1,3314,15
OI0000145,ORD0000096,P00402,1,2124,15
OI0000146,ORD0000097,P00255,1,12154,15
OI0000147,ORD0000098,P00007,1,4999,0
OI0000148,ORD0000098,P00275,1,599,0
OI0000149,ORD0000098,P00402,1,2499,0
OI0000150,ORD0000099,P00438,1,9499,0
OI0000151,ORD0000099,P00124,1,4099,0
OI0000152,ORD0000099,P00213,1,86399,0
OI0000153,ORD0000100,P00308,1,649,0
OI0000154,ORD0000101,P00401,1,3899,0
OI0000155,ORD0000101,P00437,1,1949,0
OI0000156,ORD0000102,P00629,1,4499,0
OI0000157,ORD0000102,P00572,1,399,0
OI0000158,ORD0000103,P00190,1,2399,0
OI0000159,ORD0000104,P00132,1,6099,0
OI0000160,ORD0000105,P00611,1,1317,15
OI0000161,ORD0000105,P00242,1,7819,15
OI0000162,ORD0000106,P00408,1,3899,0
OI0000163,ORD0000107,P00511,1,3999,0
OI0000164,ORD0000108,P00315,1,1299,0
OI0000165,ORD0000108,P00438,1,9499,0
OI0000166,ORD0000109,P00553,2,934,15
OI0000167,ORD0000110,P00358,1,3099,0
OI0000168,ORD0000111,P00214,1,26349,15
OI0000169,ORD0000111,P00242,1,7819,15
OI0000170,ORD0000111,P00268,1,14194,15
OI0000171,ORD0000111,P00162,1,4079,15
OI0000172,ORD0000112,P00053,1,4899,0
OI0000173,ORD0000113,P00047,1,2634,15
OI0000174,ORD0000114,P00167,1,4499,0
OI0000175,ORD0000114,P00167,1,4499,0
OI0000176,ORD0000115,P00627,1,2099,0
OI0000177,ORD0000116,P00408,1,3899,0
OI0000178,ORD0000117,P00132,1,5184,15
OI0000179,ORD0000117,P00408,1,3314,15
OI0000180,ORD0000117,P00043,1,5779,15
OI0000181,ORD0000118,P00511,1,3999,0
OI0000182,ORD0000118,P00124,1,4099,0
OI0000183,ORD0000118,P00038,1,3699,0
OI0000184,ORD0000119,P00629,1,4499,0
OI0000185,ORD0000120,P00033,1,2399,0
OI0000186,ORD0000121,P00623,1,3999,0
OI0000187,ORD0000122,P00017,1,807,15
OI0000188,ORD0000122,P00124,1,3484,15
OI0000189,ORD0000123,P00110,1,1189,15
OI0000190,ORD0000123,P00193,1,3909,15
OI0000191,ORD0000124,P00488,1,1249,0
OI0000192,ORD0000125,P00285,1,799,0
OI0000193,ORD0000125,P00625,1,5299,0
OI0000194,ORD0000126,P00071,1,4899,0
OI0000195,ORD0000127,P00171,1,2294,15
OI0000196,ORD0000128,P00032,1,1649,0
OI0000197,ORD0000129,P00111,1,1049,0
OI0000198,ORD0000129,P00155,1,2499,0
OI0000199,ORD0000130,P00398,1,949,0
OI0000200,ORD0000131,P00010,1,1699,15
OI0000201,ORD0000131,P00565,2,892,15
OI0000202,ORD0000132,P00379,1,8999,0
OI0000203,ORD0000132,P00511,1,3999,0
OI0000204,ORD0000133,P00546,1,552,15
OI0000205,ORD0000133,P00173,1,3144,15
OI0000206,ORD0000134,P00567,2,3199,0
OI0000207,ORD0000135,P00285,1,679,15
OI0000208,ORD0000135,P00557,3,382,15
OI0000209,ORD0000136,P00277,1,2199,0
OI0000210,ORD0000137,P00417,1,5799,0
OI0000211,ORD0000138,P00364,1,2899,0
OI0000212,ORD0000138,P00424,1,13599,0
OI0000213,ORD0000139,P00395,1,8699,0
OI0000214,ORD0000140,P00624,1,3739,15
OI0000215,ORD0000141,P00384,1,4999,0
OI0000216,ORD0000142,P00086,1,4589,15
OI0000217,ORD0000143,P00623,1,3399,15
OI0000218,ORD0000144,P00467,1,599,0
OI0000219,ORD0000144,P00408,1,3899,0
OI0000220,ORD0000144,P00010,1,1999,0
OI0000221,ORD0000145,P00165,1,2294,15
OI0000222,ORD0000146,P00248,1,31874,15
OI0000223,ORD0000147,P00103,1,2799,0
OI0000224,ORD0000147,P00511,1,3999,0
OI0000225,ORD0000147,P00036,1,4099,0
OI0000226,ORD0000148,P00488,3,1249,0
OI0000227,ORD0000149,P00416,1,3299,0
OI0000228,ORD0000149,P00124,1,4099,0
OI0000229,ORD0000149,P00168,1,4799,0
OI0000230,ORD0000150,P00401,1,3899,0
OI0000231,ORD0000151,P00511,1,3999,0
OI0000232,ORD0000152,P00173,1,3699,0
OI0000233,ORD0000153,P00176,1,3484,15
OI0000234,ORD0000154,P00214,1,30999,0
OI0000235,ORD0000155,P00486,2,749,0
OI0000236,ORD0000155,P00152,1,2899,0
OI0000237,ORD0000156,P00242,1,9199,0
OI0000238,ORD0000156,P00320,1,1149,0
OI0000239,ORD0000157,P00190,1,2399,0
OI0000240,ORD0000157,P00581,1,2299,0
OI0000241,ORD0000157,P00276,1,1799,0
OI0000242,ORD0000157,P00227,1,22299,0
OI0000243,ORD0000158,P00593,1,1299,0
OI0000244,ORD0000159,P00462,1,509,15
OI0000245,ORD0000160,P00627,1,2099,0
OI0000246,ORD0000161,P00111,1,1049,0
OI0000247,ORD0000162,P00330,1,2399,0
OI0000248,ORD0000163,P00546,2,552,15
OI0000249,ORD0000164,P00503,1,637,15
OI0000250,ORD0000165,P00449,1,3499,0
OI0000251,ORD0000165,P00475,1,2499,0
OI0000252,ORD0000166,P00627,1,2099,0
OI0000253,ORD0000167,P00190,1,2399,0
OI0000254,ORD0000168,P00546,1,649,0
OI0000255,ORD0000169,P00083,1,3399,15
OI0000256,ORD0000169,P00090,1,1359,15
OI0000257,ORD0000170,P00099,1,2199,0
OI0000258,ORD0000170,P00546,2,649,0
OI0000259,ORD0000171,P00617,1,2499,0
OI0000260,ORD0000172,P00242,1,7819,15
OI0000261,ORD0000172,P00245,1,57884,15
OI0000262,ORD0000172,P00309,1,1104,15
OI0000263,ORD0000172,P00600,1,892,15
OI0000264,ORD0000173,P00184,1,8299,0
OI0000265,ORD0000174,P00320,1,977,15
OI0000266,ORD0000175,P00386,1,637,15
OI0000267,ORD0000175,P00408,1,3314,15
OI0000268,ORD0000176,P00315,1,1299,0
OI0000269,ORD0000177,P00394,1,4199,0
OI0000270,ORD0000177,P00251,1,15699,0
OI0000271,ORD0000177,P00080,1,1749,0
OI0000272,ORD0000178,P00629,1,4499,0
OI0000273,ORD0000179,P00457,1,2999,0
OI0000274,ORD0000180,P00563,2,1299,0
OI0000275,ORD0000181,P00450,1,11099,0
OI0000276,ORD0000182,P00255,1,12154,15
OI0000277,ORD0000182,P00216,1,38504,15
OI0000278,ORD0000183,P00077,1,2799,0
OI0000279,ORD0000184,P00219,1,7309,15
OI0000280,ORD0000185,P00530,1,1147,15
OI0000281,ORD0000185,P00242,1,7819,15
OI0000282,ORD0000185,P00162,1,4079,15
OI0000283,ORD0000186,P00359,1,1099,0
OI0000284,ORD0000187,P00623,1,3399,15
OI0000285,ORD0000188,P00308,1,552,15
OI0000286,ORD0000189,P00054,1,1954,15
OI0000287,ORD0000189,P00315,1,1104,15
OI0000288,ORD0000189,P00511,2,3399,15
OI0000289,ORD0000190,P00418,1,6499,0
OI0000290,ORD0000191,P00511,1,3999,0
OI0000291,ORD0000191,P00600,1,1049,0
OI0000292,ORD0000192,P00255,1,142990,0
OI0000293,ORD0000193,P00063,1,4899,0
OI0000294,ORD0000193,P00311,1,2899,0
OI0000295,ORD0000194,P00523,2,4499,0
OI0000296,ORD0000195,P00263,1,32799,0
OI0000297,ORD0000196,P00122,1,4899,0
OI0000298,ORD0000197,P00531,1,1649,0
OI0000299,ORD0000197,P00633,1,899,0
OI0000300,ORD0000198,P00408,1,3899,0
OI0000301,ORD0000198,P00468,2,1249,0
OI0000302,ORD0000199,P00595,2,679,15
OI0000303,ORD0000200,P00173,1,3144,15
OI0000304,ORD0000200,P00277,1,1869,15
OI0000305,ORD0000201,P00214,1,26349,15
OI0000306,ORD0000202,P00385,1,3199,0
OI0000307,ORD0000202,P00408,1,3899,0
OI0000308,ORD0000203,P00629,1,3824,15
OI0000309,ORD0000204,P00232,1,15799,0
OI0000310,ORD0000204,P00414,1,899,0
OI0000311,ORD0000205,P00032,1,1649,0
OI0000312,ORD0000206,P00255,1,12154,15
OI0000313,ORD0000207,P00403,1,5269,15
OI0000314,ORD0000208,P00084,1,1062,15
OI0000315,ORD0000209,P00197,1,2599,0
OI0000316,ORD0000210,P00252,1,80999,0
OI0000317,ORD0000210,P00141,1,5499,0
OI0000318,ORD0000210,P00438,1,9499,0
OI0000319,ORD0000211,P00462,1,599,0
OI0000320,ORD0000211,P00496,3,1049,0
OI0000321,ORD0000212,P00099,1,1869,15
OI0000322,ORD0000213,P00408,1,3899,0
OI0000323,ORD0000214,P00454,1,11899,0
OI0000324,ORD0000215,P00123,1,5999,0
OI0000325,ORD0000215,P00414,1,899,0
OI0000326,ORD0000215,P00627,1,2099,0
OI0000327,ORD0000216,P00512,1,2899,0
OI0000328,ORD0000216,P00270,1,2399,0
OI0000329,ORD0000217,P00325,1,1019,15
OI0000330,ORD0000218,P00063,1,4899,0
OI0000331,ORD0000219,P00309,1,1299,0
OI0000332,ORD0000220,P00546,1,649,0
OI0000333,ORD0000221,P00500,1,467,15
OI0000334,ORD0000222,P00007,1,4999,0
OI0000335,ORD0000222,P00145,1,2199,0
OI0000336,ORD0000222,P00017,1,949,0
OI0000337,ORD0000222,P00544,1,1599,0
OI0000338,ORD0000223,P00479,2,3059,15
OI0000339,ORD0000223,P00124,1,3484,15
OI0000340,ORD0000223,P00332,1,1104,15
OI0000341,ORD0000224,P00606,1,1699,0
OI0000342,ORD0000225,P00232,1,15799,0
OI0000343,ORD0000225,P00408,1,3899,0
OI0000344,ORD0000226,P00320,1,1149,0
OI0000345,ORD0000226,P00232,1,15799,0
OI0000346,ORD0000226,P00627,1,2099,0
OI0000347,ORD0000226,P00028,1,3299,0
OI0000348,ORD0000227,P00255,1,14299,0
OI0000349,ORD0000228,P00563,1,1299,0
OI0000350,ORD0000228,P00408,1,3899,0
OI0000351,ORD0000229,P00038,1,3699,0
OI0000352,ORD0000230,P00270,1,2399,0
OI0000353,ORD0000230,P00436,1,1949,0
OI0000354,ORD0000231,P00167,1,4499,0
OI0000355,ORD0000231,P00546,2,649,0
OI0000356,ORD0000231,P00252,1,80999,0
OI0000357,ORD0000232,P00010,1,1999,0
OI0000358,ORD0000233,P00629,1,4499,0
OI0000359,ORD0000234,P00401,1,3899,0
OI0000360,ORD0000234,P00418,1,6499,0
OI0000361,ORD0000235,P00432,1,977,15
OI0000362,ORD0000235,P00189,1,2974,15
OI0000363,ORD0000235,P00007,1,4249,15
OI0000364,ORD0000236,P00474,1,8299,0
OI0000365,ORD0000236,P00366,1,3099,0
OI0000366,ORD0000236,P00344,1,999,0
OI0000367,ORD0000237,P00459,1,2294,15
OI0000368,ORD0000238,P00570,2,699,0
OI0000369,ORD0000238,P00315,1,1299,0
OI0000370,ORD0000238,P00264,1,91099,0
OI0000371,ORD0000239,P00563,1,1299,0
OI0000372,ORD0000240,P00124,1,3484,15
OI0000373,ORD0000240,P00171,1,2294,15
OI0000374,ORD0000240,P00153,1,1954,15
OI0000375,ORD0000241,P00408,1,3899,0
OI0000376,ORD0000241,P00374,1,4299,0
OI0000377,ORD0000242,P00245,1,57884,15
OI0000378,ORD0000242,P00408,1,3314,15
OI0000379,ORD0000243,P00007,1,4999,0
OI0000380,ORD0000244,P00149,1,2499,0
OI0000381,ORD0000245,P00416,1,3299,0
OI0000382,ORD0000246,P00474,1,8299,0
OI0000383,ORD0000247,P00155,1,2499,0
OI0000384,ORD0000248,P00124,1,4099,0
OI0000385,ORD0000249,P00623,1,3999,0
OI0000386,ORD0000250,P00293,1,1572,15
OI0000387,ORD0000250,P00598,1,552,15
OI0000388,ORD0000250,P00408,1,3314,15
OI0000389,ORD0000251,P00488,1,1249,0
OI0000390,ORD0000251,P00546,2,649,0
OI0000391,ORD0000252,P00443,1,5399,0
OI0000392,ORD0000252,P00097,1,1399,0
OI0000393,ORD0000252,P00297,1,699,0
OI0000394,ORD0000252,P00329,1,999,0
OI0000395,ORD0000253,P00007,1,4249,15
OI0000396,ORD0000254,P00007,1,4999,0
OI0000397,ORD0000255,P00124,1,3484,15
OI0000398,ORD0000256,P00566,1,1349,0
OI0000399,ORD0000257,P00437,1,1949,0
OI0000400,ORD0000258,P00173,1,3699,0
OI0000401,ORD0000259,P00242,1,7819,15
OI0000402,ORD0000260,P00607,1,2999,0
OI0000403,ORD0000261,P00431,1,2199,0
OI0000404,ORD0000262,P00505,1,1299,0
OI0000405,ORD0000262,P00197,1,2599,0
OI0000406,ORD0000262,P00374,1,4299,0
OI0000407,ORD0000263,P00592,1,594,15
OI0000408,ORD0000264,P00497,1,1699,0
OI0000409,ORD0000264,P00488,1,1249,0
OI0000410,ORD0000265,P00246,1,17899,0
OI0000411,ORD0000266,P00561,2,499,0
OI0000412,ORD0000267,P00438,1,9499,0
OI0000413,ORD0000268,P00475,1,2499,0
OI0000414,ORD0000269,P00401,1,3314,15
OI0000415,ORD0000269,P00555,2,2719,15
OI0000416,ORD0000270,P00064,1,5499,0
OI0000417,ORD0000270,P00042,1,2999,0
OI0000418,ORD0000270,P00531,2,1649,0
OI0000419,ORD0000271,P00053,1,4899,0
OI0000420,ORD0000272,P00063,1,4899,0
OI0000421,ORD0000273,P00515,1,5609,15
OI0000422,ORD0000273,P00412,1,1274,15
OI0000423,ORD0000274,P00420,1,3999,0
OI0000424,ORD0000275,P00222,1,71994,15
OI0000425,ORD0000276,P00337,1,2199,0
OI0000426,ORD0000277,P00497,1,1699,0
OI0000427,ORD0000278,P00127,1,3599,0
OI0000428,ORD0000279,P00048,1,3499,0
OI0000429,ORD0000280,P00493,-1,2599,0
OI0000430,ORD0000281,P00405,1,999,0
OI0000431,ORD0000282,P00401,1,3899,0
OI0000432,ORD0000283,P00193,1,4599,0
OI0000433,ORD0000283,P00448,1,3799,0
OI0000434,ORD0000283,P00197,1,2599,0
OI0000435,ORD0000283,P00180,1,3399,0
OI0000436,ORD0000284,P00396,1,7649,15
OI0000437,ORD0000285,P00332,1,1299,0
OI0000438,ORD0000285,P00281,1,799,0
OI0000439,ORD0000286,P00332,1,1104,15
OI0000440,ORD0000287,P00408,1,3314,15
OI0000441,ORD0000287,P00613,1,4674,15
OI0000442,ORD0000288,P00488,1,1062,15
OI0000443,ORD0000288,P00572,1,339,15
OI0000444,ORD0000289,P00629,1,4499,0
OI0000445,ORD0000290,P00511,2,3999,0
OI0000446,ORD0000291,P00114,1,2499,0
OI0000447,ORD0000291,P00151,1,1899,0
OI0000448,ORD0000292,P00416,1,3299,0
OI0000449,ORD0000293,P00155,1,2499,0
OI0000450,ORD0000294,P00441,1,2889,15
OI0000451,ORD0000295,P00310,1,977,15
OI0000452,ORD0000296,P00281,1,799,0
OI0000453,ORD0000296,P00232,1,15799,0
OI0000454,ORD0000296,P00380,1,5899,0
OI0000455,ORD0000297,P00256,1,40799,0
OI0000456,ORD0000298,P00527,3,949,0
OI0000457,ORD0000299,P00320,1,1149,0
OI0000458,ORD0000300,P00392,1,1999,0
OI0000459,ORD0000301,P00262,1,4299,0
OI0000460,ORD0000302,P00408,1,3899,0
OI0000461,ORD0000303,P00275,1,599,0
OI0000462,ORD0000304,P00021,1,2699,0
OI0000463,ORD0000305,P00285,1,799,0
OI0000464,ORD0000306,P00376,1,3199,0
OI0000465,ORD0000306,P00038,1,3699,0
OI0000466,ORD0000307,P00431,1,1869,15
OI0000467,ORD0000308,P00629,1,4499,0
OI0000468,ORD0000308,P00432,1,1149,0
OI0000469,ORD0000309,P00548,1,899,0
OI0000470,ORD0000310,P00251,1,15699,0
OI0000471,ORD0000311,P00488,1,1249,0
OI0000472,ORD0000311,P00223,1,6599,0
OI0000473,ORD0000312,P00221,1,5999,0
OI0000474,ORD0000313,P00346,1,2399,0
OI0000475,ORD0000314,P00095,1,5199,0
OI0000476,ORD0000314,P00119,1,2299,0
OI0000477,ORD0000315,P00560,1,1299,0
OI0000478,ORD0000316,P00346,1,2399,0
OI0000479,ORD0000317,P00036,1,4099,0
OI0000480,ORD0000317,P00124,1,4099,0
OI0000481,ORD0000317,P00606,1,1699,0
OI0000482,ORD0000317,P00099,1,2199,0
OI0000483,ORD0000318,P00007,1,4999,0
OI0000484,ORD0000319,P00582,1,254,15
OI0000485,ORD0000319,P00233,1,5099,15
OI0000486,ORD0000320,P00124,1,3484,15
OI0000487,ORD0000321,P00528,1,1349,0
OI0000488,ORD0000322,P00567,3,3199,0
OI0000489,ORD0000322,P00296,1,3199,0
OI0000490,ORD0000323,P00527,1,949,0
OI0000491,ORD0000323,P00470,3,2399,0
OI0000492,ORD0000323,P00256,1,40799,0
OI0000493,ORD0000323,P00402,1,2499,0
OI0000494,ORD0000324,P00255,1,14299,0
OI0000495,ORD0000325,P00255,1,14299,0
OI0000496,ORD0000325,P00401,1,3899,0
OI0000497,ORD0000325,P00397,1,2499,0
OI0000498,ORD0000326,P00212,1,100469,15
OI0000499,ORD0000326,P00361,1,1614,15
OI0000500,ORD0000327,P00337,1,2199,0
OI0000501,ORD0000327,P00179,1,8999,0
OI0000502,ORD0000328,P00614,1,1249,0
OI0000503,ORD0000328,P00191,1,2399,0
OI0000504,ORD0000329,P00510,1,5199,0
OI0000505,ORD0000329,P00424,1,13599,0
OI0000506,ORD0000329,P00097,1,1399,0
OI0000507,ORD0000330,P00315,1,1299,0
OI0000508,ORD0000331,P00007,1,4999,0
OI0000509,ORD0000331,P00510,1,5199,0
OI0000510,ORD0000331,P00315,1,1299,0
OI0000511,ORD0000331,P00595,3,799,0
OI0000512,ORD0000332,P00319,1,424,15
OI0000513,ORD0000332,P00407,1,7394,15
OI0000514,ORD0000332,P00285,1,679,15
OI0000515,ORD0000332,P00315,1,1104,15
OI0000516,ORD0000333,P00403,1,5269,15
OI0000517,ORD0000334,P00124,1,4099,0
OI0000518,ORD0000334,P00623,1,3999,0
OI0000519,ORD0000334,P00432,1,1149,0
OI0000520,ORD0000335,P00285,1,679,15
OI0000521,ORD0000336,P00273,1,424,15
OI0000522,ORD0000337,P00124,1,4099,0
OI0000523,ORD0000338,P00315,1,1299,0
OI0000524,ORD0000339,P00053,1,4899,0
OI0000525,ORD0000340,P00091,1,6799,0
OI0000526,ORD0000341,P00519,3,1799,0
OI0000527,ORD0000341,P00215,1,11999,0
OI0000528,ORD0000341,P00402,1,2499,0
OI0000529,ORD0000342,P00255,1,14299,0
OI0000530,ORD0000343,P00111,1,1049,0
OI0000531,ORD0000344,P00577,2,1849,0
OI0000532,ORD0000344,P00443,1,5399,0
OI0000533,ORD0000345,P00493,2,2599,0
OI0000534,ORD0000345,P00510,3,5199,0
OI0000535,ORD0000345,P00431,1,2199,0
OI0000536,ORD0000345,P00488,2,1249,0
OI0000537,ORD0000346,P00533,2,3399,0
OI0000538,ORD0000347,P00277,1,2199,0
OI0000539,ORD0000348,P00053,1,4899,0
OI0000540,ORD0000349,P00285,1,679,15
OI0000541,ORD0000349,P00459,1,2294,15
OI0000542,ORD0000350,P00082,1,3299,0
OI0000543,ORD0000351,P00124,1,4099,0
OI0000544,ORD0000352,P00124,1,4099,0
OI0000545,ORD0000353,P00212,1,118199,0
OI0000546,ORD0000354,P00231,1,118899,0
OI0000547,ORD0000355,P00173,1,3699,0
OI0000548,ORD0000356,P00053,1,4899,0
OI0000549,ORD0000357,P00577,1,1849,0
OI0000550,ORD0000358,P00057,1,2889,15
OI0000551,ORD0000359,P00169,1,2549,15
OI0000552,ORD0000359,P00486,1,637,15
OI0000553,ORD0000359,P00438,1,8074,15
OI0000554,ORD0000360,P00493,1,2599,0
OI0000555,ORD0000361,P00309,1,1299,0
OI0000556,ORD0000362,P00585,2,449,0
OI0000557,ORD0000363,P00267,1,31279,15
OI0000558,ORD0000364,P00124,1,4099,0
OI0000559,ORD0000365,P00374,1,4299,0
OI0000560,ORD0000366,P00546,2,552,15
OI0000561,ORD0000367,P00045,1,899,0
OI0000562,ORD0000367,P00315,1,1299,0
OI0000563,ORD0000367,P00380,1,5899,0
OI0000564,ORD0000367,P00233,1,5999,0
OI0000565,ORD0000368,P00524,1,2399,0
OI0000566,ORD0000369,P00124,1,3484,15
OI0000567,ORD0000369,P00124,1,3484,15
OI0000568,ORD0000369,P00614,1,1062,15
OI0000569,ORD0000370,P00419,1,2294,15
OI0000570,ORD0000371,P00391,1,7199,0
OI0000571,ORD0000372,P00124,1,4099,0
OI0000572,ORD0000373,P00124,1,4099,0
OI0000573,ORD0000373,P00242,1,9199,0
OI0000574,ORD0000374,P00132,1,6099,0
OI0000575,ORD0000375,P00511,1,3999,0
OI0000576,ORD0000376,P00604,1,6099,0
OI0000577,ORD0000376,P00242,1,9199,0
OI0000578,ORD0000377,P00242,1,7819,15
OI0000579,ORD0000378,P00262,1,4299,0
OI0000580,ORD0000378,P00511,2,3999,0
OI0000581,ORD0000379,P00468,1,1249,0
OI0000582,ORD0000380,P00248,1,37499,0
OI0000583,ORD0000380,P00053,1,4899,0
OI0000584,ORD0000380,P00042,1,2999,0
OI0000585,ORD0000381,P00153,1,2299,0
OI0000586,ORD0000382,P00518,3,599,0
OI0000587,ORD0000382,P00173,1,3699,0
OI0000588,ORD0000383,P00091,1,5779,15
OI0000589,ORD0000384,P00270,1,2039,15
OI0000590,ORD0000385,P00315,1,1299,0
OI0000591,ORD0000385,P00511,2,3999,0
OI0000592,ORD0000386,P00267,1,36799,0
OI0000593,ORD0000386,P00315,1,1299,0
OI0000594,ORD0000387,P00256,1,40799,0
OI0000595,ORD0000387,P00595,1,799,0
OI0000596,ORD0000388,P00309,1,1299,0
OI0000597,ORD0000389,P00320,1,1149,0
OI0000598,ORD0000389,P00580,2,799,0
OI0000599,ORD0000390,P00529,1,1199,0
OI0000600,ORD0000390,P00623,1,3999,0
OI0000601,ORD0000390,P00299,1,1049,0
OI0000602,ORD0000391,P00240,1,53299,0
OI0000603,ORD0000392,P00197,1,2209,15
OI0000604,ORD0000392,P00135,1,1402,15
OI0000605,ORD0000392,P00454,1,10114,15
OI0000606,ORD0000392,P00401,1,3314,15
OI0000607,ORD0000393,P00554,1,749,0
OI0000608,ORD0000394,P00437,1,1949,0
OI0000609,ORD0000395,P00627,1,2099,0
OI0000610,ORD0000396,P00255,1,14299,0
OI0000611,ORD0000397,P00242,1,9199,0
OI0000612,ORD0000397,P00365,1,1149,0
OI0000613,ORD0000397,P00496,1,1049,0
OI0000614,ORD0000398,P00340,1,1699,0
OI0000615,ORD0000399,P00036,1,4099,0
OI0000616,ORD0000399,P00181,1,4199,0
OI0000617,ORD0000399,P00256,1,40799,0
OI0000618,ORD0000400,P00365,1,977,15
OI0000619,ORD0000401,P00415,1,2039,15
OI0000620,ORD0000402,P00049,1,949,0
OI0000621,ORD0000403,P00381,1,949,0
OI0000622,ORD0000404,P00546,1,649,0
OI0000623,ORD0000405,P00486,1,637,15
OI0000624,ORD0000405,P00256,1,34679,15
OI0000625,ORD0000406,P00092,1,1949,0
OI0000626,ORD0000406,P00265,1,59299,0
OI0000627,ORD0000407,P00053,1,4899,0
OI0000628,ORD0000408,P00277,1,2199,0
OI0000629,ORD0000408,P00238,1,72699,0
OI0000630,ORD0000409,P00408,1,3899,0
OI0000631,ORD0000410,P00007,1,4999,0
OI0000632,ORD0000411,P00038,1,3699,0
OI0000633,ORD0000412,P00277,1,2199,0
OI0000634,ORD0000413,P00128,1,3059,15
OI0000635,ORD0000414,P00382,1,2804,15
OI0000636,ORD0000415,P00450,1,11099,0
OI0000637,ORD0000415,P00233,1,5999,0
OI0000638,ORD0000416,P00401,1,3899,0
OI0000639,ORD0000417,P00093,1,2099,0
OI0000640,ORD0000418,P00114,1,2499,0
OI0000641,ORD0000419,P00572,2,399,0
OI0000642,ORD0000420,P00007,1,4999,0
OI0000643,ORD0000421,P00527,3,949,0
OI0000644,ORD0000421,P00257,1,28299,0
OI0000645,ORD0000421,P00385,1,3199,0
OI0000646,ORD0000422,P00565,2,892,15
OI0000647,ORD0000423,P00358,1,3099,0
OI0000648,ORD0000423,P00279,1,1399,0
OI0000649,ORD0000423,P00268,1,16699,0
OI0000650,ORD0000424,P00263,1,32799,0
OI0000651,ORD0000424,P00007,1,4999,0
OI0000652,ORD0000425,P00544,1,1599,0
OI0000653,ORD0000426,P00598,1,649,0
OI0000654,ORD0000427,P00330,1,2399,0
OI0000655,ORD0000428,P00285,1,799,0
OI0000656,ORD0000429,P00432,1,1149,0
OI0000657,ORD0000430,P00147,1,1499,0
OI0000658,ORD0000431,P00047,1,3099,0
OI0000659,ORD0000431,P00007,1,4999,0
OI0000660,ORD0000432,P00197,1,2209,15
OI0000661,ORD0000433,P00144,1,3499,0
OI0000662,ORD0000434,P00173,1,3144,15
OI0000663,ORD0000435,P00278,1,2399,0
OI0000664,ORD0000435,P00431,1,2199,0
OI0000665,ORD0000435,P00053,1,4899,0
OI0000666,ORD0000436,P00132,1,6099,0
OI0000667,ORD0000436,P00622,1,2799,0
OI0000668,ORD0000437,P00437,1,1949,0
OI0000669,ORD0000438,P00510,1,5199,0
OI0000670,ORD0000439,P00242,1,7819,15
OI0000671,ORD0000439,P00189,1,2974,15
OI0000672,ORD0000440,P00533,2,2889,15
OI0000673,ORD0000441,P00605,1,2299,0
OI0000674,ORD0000441,P00132,1,6099,0
OI0000675,ORD0000442,P00032,1,1649,0
OI0000676,ORD0000443,P00603,1,1099,0
OI0000677,ORD0000443,P00214,1,30999,0
OI0000678,ORD0000444,P00214,1,30999,0
OI0000679,ORD0000444,P00251,1,15699,0
OI0000680,ORD0000444,P00422,1,6399,0
OI0000681,ORD0000445,P00567,3,3199,0
OI0000682,ORD0000446,P00051,1,1099,0
OI0000683,ORD0000446,P00146,1,2799,0
OI0000684,ORD0000447,P00493,1,2599,0
OI0000685,ORD0000448,P00231,1,118899,0
OI0000686,ORD0000449,P00611,1,1549,0
OI0000687,ORD0000449,P00212,1,118199,0
OI0000688,ORD0000449,P00111,1,1049,0
OI0000689,ORD0000450,P00276,1,1799,0
OI0000690,ORD0000450,P00488,3,1249,0
OI0000691,ORD0000451,P00561,1,499,0
OI0000692,ORD0000452,P00493,2,2209,15
OI0000693,ORD0000453,P00010,1,1999,0
OI0000694,ORD0000453,P00007,1,4999,0
OI0000695,ORD0000454,P00124,1,3484,15
OI0000696,ORD0000455,P00629,1,4499,0
OI0000697,ORD0000456,P00418,1,5524,15
OI0000698,ORD0000456,P00408,1,3314,15
OI0000699,ORD0000456,P00144,1,2974,15
OI0000700,ORD0000457,P00242,1,7819,15
OI0000701,ORD0000458,P00043,1,5779,15
OI0000702,ORD0000459,P00634,1,5299,0
OI0000703,ORD0000459,P00285,1,799,0
OI0000704,ORD0000460,P00218,1,22199,0
OI0000705,ORD0000460,P00032,1,1649,0
OI0000706,ORD0000460,P00577,1,1849,0
OI0000707,ORD0000461,P00408,1,3314,15
OI0000708,ORD0000462,P00372,1,3899,0
OI0000709,ORD0000463,P00533,1,3399,0
OI0000710,ORD0000464,P00161,1,8299,0
OI0000711,ORD0000465,P00197,1,2599,0
OI0000712,ORD0000466,P00242,1,7819,15
OI0000713,ORD0000467,P00152,1,2899,0
OI0000714,ORD0000468,P00270,1,2399,0
OI0000715,ORD0000469,P00540,1,699,0
OI0000716,ORD0000470,P00223,1,6599,0
OI0000717,ORD0000470,P00162,1,4799,0
OI0000718,ORD0000471,P00173,1,3144,15
OI0000719,ORD0000472,P00124,1,4099,0
OI0000720,ORD0000473,P00315,1,1299,0
OI0000721,ORD0000473,P00173,1,3699,0
OI0000722,ORD0000474,P00527,2,949,0
OI0000723,ORD0000475,P00223,1,6599,0
OI0000724,ORD0000475,P00460,1,649,0
OI0000725,ORD0000476,P00385,1,2719,15
OI0000726,ORD0000477,P00124,1,4099,0
OI0000727,ORD0000477,P00010,1,1999,0
OI0000728,ORD0000478,P00563,2,1299,0
OI0000729,ORD0000479,P00309,1,1299,0
OI0000730,ORD0000480,P00088,1,4699,0
OI0000731,ORD0000481,P00235,1,8799,0
OI0000732,ORD0000481,P00389,1,2299,0
OI0000733,ORD0000482,P00315,1,1299,0
OI0000734,ORD0000483,P00127,1,3599,0
OI0000735,ORD0000484,P00562,2,467,15
OI0000736,ORD0000485,P00415,1,2399,0
OI0000737,ORD0000485,P00210,1,8299,0
OI0000738,ORD0000486,P00443,1,5399,0
OI0000739,ORD0000487,P00038,1,3699,0
OI0000740,ORD0000488,P00338,1,849,0
OI0000741,ORD0000489,P00184,1,8299,0
OI0000742,ORD0000490,P00200,1,5699,0
OI0000743,ORD0000491,P00112,1,1317,15
OI0000744,ORD0000492,P00141,1,5499,0
OI0000745,ORD0000492,P00489,2,3699,0
OI0000746,ORD0000493,P00312,1,999,0
OI0000747,ORD0000493,P00089,1,3799,0
OI0000748,ORD0000493,P00124,1,4099,0
OI0000749,ORD0000493,P00576,1,899,0
OI0000750,ORD0000494,P00502,1,4899,0
OI0000751,ORD0000495,P00190,1,2399,0
OI0000752,ORD0000495,P00376,1,3199,0
OI0000753,ORD0000496,P00242,1,9199,0
OI0000754,ORD0000497,P00032,1,1649,0
OI0000755,ORD0000497,P00167,1,4499,0
OI0000756,ORD0000497,P00486,2,749,0
OI0000757,ORD0000497,P00601,1,2299,0
OI0000758,ORD0000498,P00468,1,1249,0
OI0000759,ORD0000499,P00332,1,1299,0
OI0000760,ORD0000500,P00255,1,14299,0
OI0000761,ORD0000500,P00403,1,6199,0
OI0000762,ORD0000500,P00487,2,1249,0
OI0000763,ORD0000501,P00563,1,1299,0
OI0000764,ORD0000502,P00017,1,949,0
OI0000765,ORD0000502,P00223,1,6599,0
OI0000766,ORD0000503,P00171,1,2699,0
OI0000767,ORD0000503,P00408,1,3899,0
OI0000768,ORD0000504,P00295,1,449,0
OI0000769,ORD0000505,P00280,1,1449,0
OI0000770,ORD0000505,P00285,1,799,0
OI0000771,ORD0000506,P00326,1,4490,0
OI0000772,ORD0000506,P00431,1,2199,0
OI0000773,ORD0000506,P00511,2,3999,0
OI0000774,ORD0000506,P00206,1,10899,0
OI0000775,ORD0000507,P00514,2,2804,15
OI0000776,ORD0000508,P00336,1,1949,0
OI0000777,ORD0000509,P00511,1,3399,15
OI0000778,ORD0000509,P00181,1,3569,15
OI0000779,ORD0000509,P00546,1,552,15
OI0000780,ORD0000510,P00274,1,749,0
OI0000781,ORD0000511,P00568,1,764,15
OI0000782,ORD0000511,P00079,1,2549,15
OI0000783,ORD0000512,P00102,1,3599,0
OI0000784,ORD0000513,P00189,1,3499,0
OI0000785,ORD0000513,P00408,1,3899,0
OI0000786,ORD0000513,P00197,1,2599,0
OI0000787,ORD0000513,P00161,1,8299,0
OI0000788,ORD0000514,P00242,1,9199,0
OI0000789,ORD0000514,P00386,1,749,0
OI0000790,ORD0000515,P00461,2,4799,0
OI0000791,ORD0000515,P00169,1,2999,0
OI0000792,ORD0000516,P00408,1,3899,0
OI0000793,ORD0000516,P00169,1,2999,0
OI0000794,ORD0000516,P00401,1,3899,0
OI0000795,ORD0000517,P00490,1,2999,0
OI0000796,ORD0000518,P00365,1,1149,0
OI0000797,ORD0000518,P00098,1,3799,0
OI0000798,ORD0000518,P00630,1,849,0
OI0000799,ORD0000519,P00421,1,5354,15
OI0000800,ORD0000519,P00392,1,1699,15
OI0000801,ORD0000520,P00623,1,3399,15
OI0000802,ORD0000521,P00523,1,3824,15
OI0000803,ORD0000521,P00010,1,1699,15
OI0000804,ORD0000522,P00315,1,1104,15
OI0000805,ORD0000523,P00184,1,8299,0
OI0000806,ORD0000524,P00255,1,14299,0
OI0000807,ORD0000524,P00262,1,4299,0
OI0000808,ORD0000525,P00053,1,4899,0
OI0000809,ORD0000525,P00098,1,3799,0
OI0000810,ORD0000526,P00511,1,3999,0
OI0000811,ORD0000526,P00204,1,2499,0
OI0000812,ORD0000527,P00010,1,1699,15
OI0000813,ORD0000528,P00635,1,2099,0
OI0000814,ORD0000528,P00511,1,3999,0
OI0000815,ORD0000528,P00315,1,1299,0
OI0000816,ORD0000529,P00627,1,1784,15
OI0000817,ORD0000530,P00127,1,3599,0
OI0000818,ORD0000531,P00315,1,1299,0
OI0000819,ORD0000531,P00401,1,3899,0
OI0000820,ORD0000532,P00378,1,2099,0
OI0000821,ORD0000533,P00305,1,1149,0
OI0000822,ORD0000534,P00044,1,3994,15
OI0000823,ORD0000535,P00546,1,649,0
OI0000824,ORD0000535,P00474,1,8299,0
OI0000825,ORD0000535,P00162,1,4799,0
OI0000826,ORD0000536,P00635,1,2099,0
OI0000827,ORD0000536,P00629,1,4499,0
OI0000828,ORD0000536,P00515,3,6599,0
OI0000829,ORD0000537,P00007,1,4999,0
OI0000830,ORD0000538,P00488,1,1249,0
OI0000831,ORD0000539,P00315,1,1104,15
OI0000832,ORD0000540,P00418,1,6499,0
OI0000833,ORD0000541,P00380,1,5899,0
OI0000834,ORD0000541,P00400,1,10199,0
OI0000835,ORD0000542,P00567,2,3199,0
OI0000836,ORD0000543,P00315,1,1299,0
OI0000837,ORD0000544,P00225,1,46749,15
OI0000838,ORD0000544,P00054,1,1954,15
OI0000839,ORD0000545,P00320,1,977,15
OI0000840,ORD0000545,P00527,1,807,15
OI0000841,ORD0000546,P00039,1,4099,0
OI0000842,ORD0000547,P00404,1,2199,0
OI0000843,ORD0000548,P00365,1,977,15
OI0000844,ORD0000549,P00061,1,3314,15
OI0000845,ORD0000550,P00255,1,12154,15
OI0000846,ORD0000551,P00622,1,2799,0
OI0000847,ORD0000551,P00290,1,699,0
OI0000848,ORD0000551,P00110,1,1399,0
OI0000849,ORD0000552,P00567,2,2719,15
OI0000850,ORD0000553,P00623,1,3999,0
OI0000851,ORD0000553,P00546,1,649,0
OI0000852,ORD0000554,P00275,1,599,0
OI0000853,ORD0000554,P00173,1,3699,0
OI0000854,ORD0000554,P00091,1,6799,0
OI0000855,ORD0000555,P00111,1,892,15
OI0000856,ORD0000556,P00132,1,5184,15
OI0000857,ORD0000556,P00533,1,2889,15
OI0000858,ORD0000556,P00511,1,3399,15
OI0000859,ORD0000557,P00612,1,2399,0
OI0000860,ORD0000558,P00416,1,3299,0
OI0000861,ORD0000559,P00242,1,9199,0
OI0000862,ORD0000559,P00497,1,1699,0
OI0000863,ORD0000560,P00231,1,118899,0
OI0000864,ORD0000561,P00421,1,6299,0
OI0000865,ORD0000562,P00287,1,849,0
OI0000866,ORD0000562,P00516,1,2499,0
OI0000867,ORD0000563,P00575,1,799,0
OI0000868,ORD0000563,P00465,1,2399,0
OI0000869,ORD0000564,P00231,1,101064,15
OI0000870,ORD0000564,P00527,3,807,15
OI0000871,ORD0000565,P00057,1,3399,0
OI0000872,ORD0000566,P00124,1,4099,0
OI0000873,ORD0000567,P00197,1,2599,0
OI0000874,ORD0000568,P00242,1,7819,15
OI0000875,ORD0000569,P00261,1,42499,0
OI0000876,ORD0000569,P00038,1,3699,0
OI0000877,ORD0000570,P00572,1,399,0
OI0000878,ORD0000571,P00468,1,1249,0
OI0000879,ORD0000572,P00144,1,2974,15
OI0000880,ORD0000573,P00237,1,29324,15
OI0000881,ORD0000574,P00242,1,9199,0
OI0000882,ORD0000575,P00426,1,2294,15
OI0000883,ORD0000576,P00242,1,7819,15
OI0000884,ORD0000576,P00437,1,1657,15
OI0000885,ORD0000577,P00408,1,3899,0
OI0000886,ORD0000578,P00448,1,3799,0
OI0000887,ORD0000579,P00511,2,3999,0
OI0000888,ORD0000580,P00458,1,2209,15
OI0000889,ORD0000581,P00078,1,1249,0
OI0000890,ORD0000582,P00275,1,509,15
OI0000891,ORD0000582,P00629,1,3824,15
OI0000892,ORD0000583,P00630,1,849,0
OI0000893,ORD0000583,P00376,1,3199,0
OI0000894,ORD0000584,P00137,1,977,15
OI0000895,ORD0000585,P00259,1,16799,0
OI0000896,ORD0000586,P00341,1,1399,0
OI0000897,ORD0000587,P00092,1,1657,15
OI0000898,ORD0000588,P00309,1,1104,15
OI0000899,ORD0000589,P00493,1,2209,15
OI0000900,ORD0000590,P00603,1,1099,0
OI0000901,ORD0000591,P00086,1,5399,0
OI0000902,ORD0000592,P00629,1,3824,15
OI0000903,ORD0000592,P00408,1,3314,15
OI0000904,ORD0000593,P00404,1,2199,0
OI0000905,ORD0000594,P00007,1,4999,0
OI0000906,ORD0000595,P00373,1,1149,0
OI0000907,ORD0000596,P00041,1,1784,15
OI0000908,ORD0000596,P00233,1,5099,15
OI0000909,ORD0000597,P00285,1,799,0
OI0000910,ORD0000597,P00511,1,3999,0
OI0000911,ORD0000598,P00548,3,899,0
OI0000912,ORD0000599,P00387,1,9399,0
OI0000913,ORD0000600,P00069,1,4079,15
OI0000914,ORD0000601,P00258,1,42399,0
OI0000915,ORD0000601,P00546,1,649,0
OI0000916,ORD0000601,P00633,1,899,0
OI0000917,ORD0000602,P00588,1,999,0
OI0000918,ORD0000603,P00511,1,3999,0
OI0000919,ORD0000603,P00352,1,799,0
OI0000920,ORD0000604,P00600,1,1049,0
OI0000921,ORD0000604,P00510,1,5199,0
OI0000922,ORD0000605,P00480,2,2974,15
OI0000923,ORD0000606,P00438,1,9499,0
OI0000924,ORD0000606,P00511,1,3999,0
OI0000925,ORD0000607,P00459,1,2699,0
OI0000926,ORD0000608,P00365,1,1149,0
OI0000927,ORD0000609,P00279,1,1399,0
OI0000928,ORD0000609,P00021,1,2699,0
OI0000929,ORD0000610,P00124,1,4099,0
OI0000930,ORD0000611,P00408,1,3899,0
OI0000931,ORD0000612,P00567,3,3199,0
OI0000932,ORD0000613,P00474,2,8299,0
OI0000933,ORD0000614,P00601,1,2299,0
OI0000934,ORD0000615,P00581,1,1954,15
OI0000935,ORD0000616,P00281,1,679,15
OI0000936,ORD0000617,P00173,1,3699,0
OI0000937,ORD0000618,P00341,1,1399,0
OI0000938,ORD0000619,P00185,1,2299,0
OI0000939,ORD0000620,P00632,1,1949,0
OI0000940,ORD0000620,P00418,1,6499,0
OI0000941,ORD0000621,P00401,1,3899,0
OI0000942,ORD0000621,P00488,2,1249,0
OI0000943,ORD0000622,P00091,1,6799,0
OI0000944,ORD0000623,P00290,1,594,15
OI0000945,ORD0000624,P00173,1,3144,15
OI0000946,ORD0000624,P00427,1,1062,15
OI0000947,ORD0000625,P00315,1,1299,0
OI0000948,ORD0000625,P00567,1,3199,0
OI0000949,ORD0000625,P00619,1,2799,0
OI0000950,ORD0000626,P00089,1,3799,0
OI0000951,ORD0000627,P00484,1,1749,0
OI0000952,ORD0000628,P00546,1,649,0
OI0000953,ORD0000628,P00152,1,2899,0
OI0000954,ORD0000629,P00474,1,7054,15
OI0000955,ORD0000630,P00546,1,649,0
OI0000956,ORD0000631,P00315,1,1299,0
OI0000957,ORD0000632,P00380,1,5014,15
OI0000958,ORD0000632,P00511,1,3399,15
OI0000959,ORD0000633,P00557,1,449,0
OI0000960,ORD0000633,P00270,1,2399,0
OI0000961,ORD0000634,P00099,1,2199,0
OI0000962,ORD0000634,P00047,1,3099,0
OI0000963,ORD0000634,P00346,1,2399,0
OI0000964,ORD0000635,P00231,1,118899,0
OI0000965,ORD0000636,P00572,2,399,0
OI0000966,ORD0000636,P00248,1,37499,0
OI0000967,ORD0000636,P00010,1,1999,0
OI0000968,ORD0000637,P00437,1,1949,0
OI0000969,ORD0000638,P00064,1,5499,0
OI0000970,ORD0000638,P00256,1,40799,0
OI0000971,ORD0000639,P00476,1,899,0
OI0000972,ORD0000639,P00552,1,2099,0
OI0000973,ORD0000640,P00042,1,2549,15
OI0000974,ORD0000640,P00380,1,5014,15
OI0000975,ORD0000641,P00043,1,6799,0
OI0000976,ORD0000642,P00405,1,999,0
OI0000977,ORD0000643,P00438,1,8074,15
OI0000978,ORD0000644,P00053,1,4899,0
OI0000979,ORD0000644,P00124,1,4099,0
OI0000980,ORD0000645,P00552,2,2099,0
OI0000981,ORD0000646,P00173,1,3699,0
OI0000982,ORD0000647,P00124,1,3484,15
OI0000983,ORD0000648,P00259,1,16799,0
OI0000984,ORD0000648,P00084,1,1249,0
OI0000985,ORD0000649,P00313,1,1749,0
OI0000986,ORD0000650,P00330,1,2399,0
OI0000987,ORD0000650,P00123,1,5999,0
OI0000988,ORD0000650,P00382,1,3299,0
OI0000989,ORD0000651,P00603,1,1099,0
OI0000990,ORD0000652,P00124,1,3484,15
OI0000991,ORD0000653,P00007,1,4999,0
OI0000992,ORD0000654,P00546,1,649,0
OI0000993,ORD0000654,P00580,1,799,0
OI0000994,ORD0000655,P00581,1,2299,0
OI0000995,ORD0000655,P00159,1,6699,0
OI0000996,ORD0000655,P00160,1,5899,0
OI0000997,ORD0000655,P00264,1,91099,0
OI0000998,ORD0000656,P00625,1,5299,0
OI0000999,ORD0000657,P00024,1,1499,0
OI0001000,ORD0000658,P00533,1,3399,0
