product_id,product_name,category,subcategory,brand,seller_id,list_price,unit_cost
P00001,Resham Loom 3-Piece Lawn Suit,Fashion,Women's Unstitched Lawn,Resham Loom,S0030,2299,1262
P00002,Zari Studio 3-Piece Lawn Suit,Fashion,Women's Unstitched Lawn,Zari Studio,S0020,3999,2351
P00003,Zari Studio Embroidered Lawn Suit,Fashion,Women's Unstitched Lawn,Zari Studio,S0022,4899,2456
P00004,Saaya Kids T-Shirt Pack,Fashion,Kids Clothing,Saaya,S0013,1799,986
P00005,Chaman Wear Kids Frock,Fashion,Kids Clothing,Chaman Wear,S0026,2699,1510
P00006,Noor Threads Kids T-Shirt Pack,Fashion,Kids Clothing,Noor Threads,S0029,1399,709
P00007,Noor Threads Kurta Shalwar Set,Fashion,Men's Kurta,Noor Threads,S0014,4999,2661
P00008,Resham Loom Embroidered Lawn Suit,Fashion,Women's Unstitched Lawn,Resham Loom,S0007,2299,1216
P00009,Noor Threads Cotton Kurta,Fashion,Men's Kurta,Noor Threads,S0020,1799,1016
P00010,Saaya Kids T-Shirt Pack,Fashion,Kids Clothing,Saaya,S0033,1999,1188
P00011,Chaman Wear Kids Frock,Fashion,Kids Clothing,Chaman Wear,S0024,3099,1573
P00012,Chaman Wear Kids T-Shirt Pack,Fashion,Kids Clothing,Chaman Wear,S0025,1549,932
P00013,Noor Threads Wash & Wear Suit,Fashion,Men's Kurta,Noor Threads,S0033,2499,1332
P00014,Noor Threads Kids T-Shirt Pack,Fashion,Kids Clothing,Noor Threads,S0005,949,573
P00015,Zari Studio Cotton Kurta,Fashion,Men's Kurta,Zari Studio,S0016,5399,2723
P00016,Resham Loom Kids Frock,Fashion,Kids Clothing,Resham Loom,S0019,2499,1247
P00017,Noor Threads Kids T-Shirt Pack,Fashion,Kids Clothing,Noor Threads,S0013,949,544
P00018,Saaya Kids Frock,Fashion,Kids Clothing,Saaya,S0026,2699,1351
P00019,Zari Studio Kids Frock,Fashion,Kids Clothing,Zari Studio,S0008,1999,1103
P00020,Resham Loom Embroidered Lawn Suit,Fashion,Women's Unstitched Lawn,Resham Loom,S0023,2299,1308
P00021,Resham Loom Kids T-Shirt Pack,Fashion,Kids Clothing,Resham Loom,S0008,2699,1425
P00022,Saaya Kids Frock,Fashion,Kids Clothing,Saaya,S0020,1499,773
P00023,Saaya Kids Frock,Fashion,Kids Clothing,Saaya,S0003,1399,846
P00024,Saaya Kids Kurta,Fashion,Kids Clothing,Saaya,S0010,1499,906
P00025,Zari Studio Kurta Shalwar Set,Fashion,Men's Kurta,Zari Studio,S0024,3499,1923
P00026,Resham Loom Kids Frock,Fashion,Kids Clothing,Resham Loom,S0005,1449,720
P00027,Resham Loom Printed Lawn 2-Piece,Fashion,Women's Unstitched Lawn,Resham Loom,S0015,4799,2882
P00028,Zari Studio Kurta Shalwar Set,Fashion,Men's Kurta,Zari Studio,S0025,3299,1718
P00029,Chaman Wear Kids T-Shirt Pack,Fashion,Kids Clothing,Chaman Wear,S0011,2899,1623
P00030,Saaya Kids Kurta,Fashion,Kids Clothing,Saaya,S0022,1299,665
P00031,Resham Loom 3-Piece Lawn Suit,Fashion,Women's Unstitched Lawn,Resham Loom,S0029,3099,1801
P00032,Saaya Kids Frock,Fashion,Kids Clothing,Saaya,S0015,1649,964
P00033,Saaya Kids Kurta,Fashion,Kids Clothing,Saaya,S0030,2399,1214
P00034,Chaman Wear Wash & Wear Suit,Fashion,Men's Kurta,Chaman Wear,S0022,5199,2594
P00035,Zari Studio Cotton Kurta,Fashion,Men's Kurta,Zari Studio,S0032,1999,1004
P00036,Zari Studio 3-Piece Lawn Suit,Fashion,Women's Unstitched Lawn,Zari Studio,S0016,4099,2079
P00037,Saaya Printed Lawn 2-Piece,Fashion,Women's Unstitched Lawn,Saaya,S0013,2399,1267
P00038,Chaman Wear 3-Piece Lawn Suit,fashion,Women's Unstitched Lawn,Chaman Wear,S0014,3699,2182
P00039,Noor Threads Printed Lawn 2-Piece,Fashion,Women's Unstitched Lawn,Noor Threads,S0010,4099,2223
P00040,Saaya Cotton Kurta,Fashion,Men's Kurta,Saaya,S0018,4599,2399
P00041,Chaman Wear Kids Kurta,Fashion,Kids Clothing,Chaman Wear,S0012,2099,1254
P00042,Noor Threads Wash & Wear Suit,Fashion,Men's Kurta,Noor Threads,S0029,2999,1500
P00043,Noor Threads 3-Piece Lawn Suit,Fashion,Women's Unstitched Lawn,Noor Threads,S0003,6799,3389
P00044,Noor Threads 3-Piece Lawn Suit,Fashion,Women's Unstitched Lawn,Noor Threads,S0016,4699,2631
P00045,Zari Studio Kids T-Shirt Pack,Fashion,Kids Clothing,Zari Studio,S0010,899,461
P00046,Saaya Kids Kurta,Fashion,Kids Clothing,Saaya,S0010,2699,1471
P00047,Saaya Kids Frock,Fashion,Kids Clothing,Saaya,S0003,3099,1643
P00048,Saaya Cotton Kurta,Fashion,Men's Kurta,Saaya,S0010,3499,1854
P00049,Noor Threads Kids T-Shirt Pack,fashion,Kids Clothing,Noor Threads,S0025,949,545
P00050,Zari Studio 3-Piece Lawn Suit,Fashion,Women's Unstitched Lawn,Zari Studio,S0024,5399,3025
P00051,Resham Loom Kids Kurta,Fashion,Kids Clothing,Resham Loom,S0005,1099,605
P00052,Noor Threads Embroidered Lawn Suit,Fashion ,Women's Unstitched Lawn,Noor Threads,S0033,2199,1230
P00053,Noor Threads Wash & Wear Suit,Fashion,Men's Kurta,Noor Threads,S0004,4899,2760
P00054,Resham Loom Printed Lawn 2-Piece,Fashion,Women's Unstitched Lawn,Resham Loom,S0015,2299,1306
P00055,Zari Studio Kids Frock,Fashion,Kids Clothing,Zari Studio,S0002,899,531
P00056,Resham Loom Kids Frock,Fashion,Kids Clothing,Resham Loom,S0007,1949,1110
P00057,Saaya Wash & Wear Suit,Fashion,Men's Kurta,Saaya,S0009,3399,1839
P00058,Chaman Wear Kids T-Shirt Pack,Fashion,Kids Clothing,Chaman Wear,S0002,899,485
P00059,Noor Threads Kids Frock,Fashion,Kids Clothing,Noor Threads,S0022,2799,1431
P00060,Zari Studio Cotton Kurta,Fashion,Men's Kurta,Zari Studio,S0023,2199,1309
P00061,Resham Loom Embroidered Lawn Suit,Fashion,Women's Unstitched Lawn,Resham Loom,S0030,3899,2093
P00062,Chaman Wear Wash & Wear Suit,Fashion,Men's Kurta,Chaman Wear,S0022,4099,2286
P00063,Noor Threads Wash & Wear Suit,Fashion,Men's Kurta,Noor Threads,S0024,4899,2479
P00064,Resham Loom 3-Piece Lawn Suit,Fashion,Women's Unstitched Lawn,Resham Loom,S0016,5499,2950
P00065,Saaya Kids Frock,Fashion,Kids Clothing,Saaya,S0021,2799,1573
P00066,Chaman Wear Kurta Shalwar Set,Fashion,Men's Kurta,Chaman Wear,S0001,2799,1529
P00067,Noor Threads Printed Lawn 2-Piece,Fashion,Women's Unstitched Lawn,Noor Threads,S0012,3499,1795
P00068,Saaya Embroidered Lawn Suit,Fashion,Women's Unstitched Lawn,Saaya,S0001,3299,1669
P00069,Saaya Cotton Kurta,Fashion,Men's Kurta,Saaya,S0012,4799,2474
P00070,Chaman Wear Cotton Kurta,Fashion,Men's Kurta,Chaman Wear,S0016,2999,1643
P00071,Zari Studio Printed Lawn 2-Piece,Fashion,Women's Unstitched Lawn,Zari Studio,S0023,4899,2561
P00072,Resham Loom Embroidered Lawn Suit,Fashion,Women's Unstitched Lawn,Resham Loom,S0010,5599,3378
P00073,Zari Studio Cotton Kurta,Fashion,Men's Kurta,Zari Studio,S0020,5199,2748
P00074,Chaman Wear Embroidered Lawn Suit,Fashion,Women's Unstitched Lawn,Chaman Wear,S0027,2499,1386
P00075,Noor Threads Cotton Kurta,Fashion,Men's Kurta,Noor Threads,S0015,2399,1342
P00076,Saaya Kurta Shalwar Set,Fashion,Men's Kurta,Saaya,S0028,2499,1446
P00077,Saaya Embroidered Lawn Suit,Fashion,Women's Unstitched Lawn,Saaya,S0020,2799,1661
P00078,Noor Threads Kids T-Shirt Pack,Fashion,Kids Clothing,Noor Threads,S0006,1249,675
P00079,Chaman Wear Embroidered Lawn Suit,Fashion,Women's Unstitched Lawn,Chaman Wear,S0030,2999,1773
P00080,Resham Loom Kids Kurta,Fashion,Kids Clothing,Resham Loom,S0024,1749,897
P00081,Zari Studio Embroidered Lawn Suit,Fashion,Women's Unstitched Lawn,Zari Studio,S0001,6499,3568
P00082,Chaman Wear Kurta Shalwar Set,Fashion,Men's Kurta,Chaman Wear,S0028,3299,1679
P00083,Zari Studio Embroidered Lawn Suit,Fashion,Women's Unstitched Lawn,Zari Studio,S0028,3999,2223
P00084,Resham Loom Kids Kurta,Fashion,Kids Clothing,Resham Loom,S0029,1249,744
P00085,Resham Loom Printed Lawn 2-Piece,Fashion,Women's Unstitched Lawn,Resham Loom,S0003,4599,2546
P00086,Noor Threads Wash & Wear Suit,Fashion,Men's Kurta,Noor Threads,S0005,5399,2951
P00087,Noor Threads Kids Frock,Fashion,Kids Clothing,Noor Threads,S0023,2899,1544
P00088,Saaya Embroidered Lawn Suit,Fashion,Women's Unstitched Lawn,Saaya,S0002,4699,2436
P00089,Zari Studio Printed Lawn 2-Piece,Fashion ,Women's Unstitched Lawn,Zari Studio,S0010,3799,1998
P00090,Zari Studio Kids Frock,Fashion,Kids Clothing,Zari Studio,S0003,1599,903
P00091,Chaman Wear Printed Lawn 2-Piece,Fashion,Women's Unstitched Lawn,Chaman Wear,S0013,6799,3710
P00092,Resham Loom Kids Frock,Fashion,Kids Clothing,Resham Loom,S0022,1949,1038
P00093,Chaman Wear Kids Frock,Fashion,Kids Clothing,Chaman Wear,S0006,2099,1143
P00094,Resham Loom Printed Lawn 2-Piece,Fashion,Women's Unstitched Lawn,Resham Loom,S0030,5499,3121
P00095,Noor Threads Wash & Wear Suit,Fashion,Men's Kurta,Noor Threads,S0010,5199,2804
P00096,Zari Studio Kids T-Shirt Pack,Fashion,Kids Clothing,Zari Studio,S0019,2199,1190
P00097,Noor Threads Kids Frock,Fashion,Kids Clothing,Noor Threads,S0022,1399,712
P00098,Zari Studio Wash & Wear Suit,Fashion,Men's Kurta,Zari Studio,S0004,3799,1889
P00099,Zari Studio Wash & Wear Suit,Fashion,Men's Kurta,Zari Studio,S0011,2199,1148
P00100,Zari Studio Kids T-Shirt Pack,Fashion,Kids Clothing,Zari Studio,S0023,1049,552
P00101,Resham Loom Embroidered Lawn Suit,Fashion,Women's Unstitched Lawn,Resham Loom,S0023,6699,3833
P00102,Saaya Cotton Kurta,Fashion,Men's Kurta,Saaya,S0032,3599,1908
P00103,Saaya Kurta Shalwar Set,Fashion,Men's Kurta,Saaya,S0033,2799,1509
P00104,Saaya 3-Piece Lawn Suit,Fashion,Women's Unstitched Lawn,Saaya,S0029,4699,2767
P00105,Resham Loom Kids Frock,Fashion,Kids Clothing,Resham Loom,S0011,1799,957
P00106,Zari Studio Cotton Kurta,Fashion,Men's Kurta,Zari Studio,S0009,4999,3012
P00107,Noor Threads Kids Kurta,Fashion,Kids Clothing,Noor Threads,S0025,2399,1308
P00108,Saaya Cotton Kurta,Fashion,Men's Kurta,Saaya,S0008,3699,2069
P00109,Resham Loom 3-Piece Lawn Suit,Fashion,Women's Unstitched Lawn,Resham Loom,S0014,2899,1488
P00110,Resham Loom Kids Kurta,Fashion,Kids Clothing,Resham Loom,S0001,1399,714
P00111,Saaya Kids Frock,Fashion,Kids Clothing,Saaya,S0026,1049,541
P00112,Zari Studio Kids T-Shirt Pack,Fashion,Kids Clothing,Zari Studio,S0006,1549,934
P00113,Saaya Kids Kurta,Fashion,Kids Clothing,Saaya,S0003,1049,621
P00114,Resham Loom Printed Lawn 2-Piece,Fashion,Women's Unstitched Lawn,Resham Loom,S0022,2499,1353
P00115,Chaman Wear Embroidered Lawn Suit,Fashion,Women's Unstitched Lawn,Chaman Wear,S0019,4099,2476
P00116,Noor Threads Wash & Wear Suit,Fashion,Men's Kurta,Noor Threads,S0033,3199,1927
P00117,Resham Loom Kids Kurta,Fashion,Kids Clothing,Resham Loom,S0011,1599,910
P00118,Saaya Embroidered Lawn Suit,Fashion,Women's Unstitched Lawn,Saaya,S0012,5799,3136
P00119,Resham Loom Kids Kurta,Fashion,Kids Clothing,Resham Loom,S0011,2299,1364
P00120,Resham Loom Cotton Kurta,Fashion,Men's Kurta,Resham Loom,S0005,4799,2657
P00121,Resham Loom Printed Lawn 2-Piece,fashion,Women's Unstitched Lawn,Resham Loom,S0003,2299,1334
P00122,Noor Threads Embroidered Lawn Suit,Fashion,Women's Unstitched Lawn,Noor Threads,S0025,4899,2504
P00123,Zari Studio Printed Lawn 2-Piece,Fashion,Women's Unstitched Lawn,Zari Studio,S0019,5999,3031
P00124,Resham Loom Cotton Kurta,Fashion,Men's Kurta,Resham Loom,S0020,4099,2256
P00125,Saaya Kurta Shalwar Set,Fashion,Men's Kurta,Saaya,S0011,2999,1553
P00126,Saaya Cotton Kurta,Fashion,Men's Kurta,Saaya,S0026,2099,1079
P00127,Zari Studio Embroidered Lawn Suit,Fashion,Women's Unstitched Lawn,Zari Studio,S0024,3599,2040
P00128,Chaman Wear Embroidered Lawn Suit,Fashion,Women's Unstitched Lawn,Chaman Wear,S0007,3599,2127
P00129,Noor Threads Kurta Shalwar Set,Fashion,Men's Kurta,Noor Threads,S0016,2299,1324
P00130,Chaman Wear Embroidered Lawn Suit,Fashion,Women's Unstitched Lawn,Chaman Wear,S0013,4299,2141
P00131,Noor Threads Kurta Shalwar Set,Fashion,Men's Kurta,Noor Threads,S0013,3499,1893
P00132,Saaya Printed Lawn 2-Piece,Fashion,Women's Unstitched Lawn,Saaya,S0012,6099,3201
P00133,Chaman Wear Printed Lawn 2-Piece,Fashion,Women's Unstitched Lawn,Chaman Wear,S0015,3199,1607
P00134,Noor Threads Wash & Wear Suit,Fashion,Men's Kurta,Noor Threads,S0020,2299,1181
P00135,Zari Studio Kids Frock,Fashion,Kids Clothing,Zari Studio,S0028,1649,827
P00136,Resham Loom Cotton Kurta,Fashion,Men's Kurta,Resham Loom,S0016,3499,1814
P00137,Noor Threads Kids Frock,Fashion,Kids Clothing,Noor Threads,S0004,1149,586
P00138,Zari Studio Kurta Shalwar Set,Fashion,Men's Kurta,Zari Studio,S0012,2599,1389
P00139,Resham Loom Cotton Kurta,Fashion,Men's Kurta,Resham Loom,S0014,3599,2150
P00140,Noor Threads Kids Kurta,Fashion,Kids Clothing,Noor Threads,S0002,1049,533
P00141,Zari Studio Embroidered Lawn Suit,Fashion,Women's Unstitched Lawn,Zari Studio,S0004,5499,3325
P00142,Noor Threads Cotton Kurta,Fashion,Men's Kurta,Noor Threads,S0003,2799,1563
P00143,Zari Studio Kids T-Shirt Pack,Fashion,Kids Clothing,Zari Studio,S0027,1099,604
P00144,Zari Studio Printed Lawn 2-Piece,Fashion,Women's Unstitched Lawn,Zari Studio,S0027,3499,1781
P00145,Resham Loom Cotton Kurta,Fashion,Men's Kurta,Resham Loom,S0033,2199,1231
P00146,Resham Loom Kurta Shalwar Set,Fashion,Men's Kurta,Resham Loom,S0015,2799,1671
P00147,Zari Studio Kids Kurta,Fashion,Kids Clothing,Zari Studio,S0026,1499,836
P00148,Chaman Wear Kurta Shalwar Set,Fashion,Men's Kurta,Chaman Wear,S0012,3799,2025
P00149,Resham Loom 3-Piece Lawn Suit,Fashion,Women's Unstitched Lawn,Resham Loom,S0011,2499,1344
P00150,Resham Loom Kids T-Shirt Pack,Fashion,Kids Clothing,Resham Loom,S0026,1849,1083
P00151,Zari Studio Kids T-Shirt Pack,Fashion,Kids Clothing,Zari Studio,S0004,1899,1138
P00152,Resham Loom Kids Frock,Fashion ,Kids Clothing,Resham Loom,S0031,2899,1652
P00153,Zari Studio 3-Piece Lawn Suit,Fashion,Women's Unstitched Lawn,Zari Studio,S0019,2299,1264
P00154,Stride Works Leather Loafers,Footwear,Men's Footwear,Stride Works,S0036,8699,5486
P00155,Stride Works Heeled Sandals,Footwear,Women's Footwear,Stride Works,S0044,2499,1323
P00156,Qadam Peshawari Chappal,Footwear,Men's Footwear,Qadam,S0036,5199,3091
P00157,Stride Works Heeled Sandals,Footwear,Women's Footwear,Stride Works,S0036,5299,3349
P00158,Qadam Heeled Sandals,Footwear,Women's Footwear,Qadam,S0037,1999,1263
P00159,Stride Works Leather Loafers,Footwear,Men's Footwear,Stride Works,S0038,6699,3746
P00160,Qadam Running Shoes,Footwear,Men's Footwear,Qadam,S0041,5899,3573
P00161,Stride Works Running Shoes,Footwear,Men's Footwear,Stride Works,S0035,8299,4811
P00162,Pairwise Peshawari Chappal,Footwear,Men's Footwear,Pairwise,S0039,4799,2776
P00163,Pairwise Flat Slippers,Footwear,Women's Footwear,Pairwise,S0039,3199,1754
P00164,Stride Works Khussa,Footwear,Women's Footwear,Stride Works,S0041,1949,1220
P00165,Qadam Running Shoes,Footwear,Men's Footwear,Qadam,S0039,2699,1654
P00166,Stride Works Flat Slippers,Footwear,Women's Footwear,Stride Works,S0038,4299,2417
P00167,Pairwise Flat Slippers,Footwear,Women's Footwear,Pairwise,S0041,4499,2570
P00168,Pairwise Leather Loafers,Footwear,Men's Footwear,Pairwise,S0042,4799,2625
P00169,Pairwise Leather Loafers,Footwear,Men's Footwear,Pairwise,S0042,2999,1825
P00170,Qadam Khussa,Footwear,Women's Footwear,Qadam,S0043,2599,1403
P00171,Qadam Khussa,Footwear,Women's Footwear,Qadam,S0036,2699,1647
P00172,Qadam Flat Slippers,Footwear,Women's Footwear,Qadam,S0041,2299,1239
P00173,Pairwise Running Shoes,Footwear,Men's Footwear,Pairwise,S0037,3699,2233
P00174,Qadam Heeled Sandals,Footwear,Women's Footwear,Qadam,S0034,3499,2157
P00175,Qadam Heeled Sandals,Footwear,Women's Footwear,Qadam,S0038,5499,2983
P00176,Qadam Running Shoes,Footwear,Men's Footwear,Qadam,S0039,4099,2289
P00177,Qadam Flat Slippers,Footwear,Women's Footwear,Qadam,S0037,2199,1242
P00178,Stride Works Leather Loafers,Footwear,Men's Footwear,Stride Works,S0036,6599,3937
P00179,Qadam Leather Loafers,Footwear,Men's Footwear,Qadam,S0043,8999,5646
P00180,Pairwise Flat Slippers,Footwear,Women's Footwear,Pairwise,S0042,3399,1962
P00181,Pairwise Running Shoes,Footwear,Men's Footwear,Pairwise,S0039,4199,2599
P00182,Stride Works Khussa,Footwear,Women's Footwear,Stride Works,S0035,2399,1529
P00183,Stride Works Khussa,Footwear,Women's Footwear,Stride Works,S0043,5999,3318
P00184,Stride Works Running Shoes,Footwear,Men's Footwear,Stride Works,S0040,8299,4617
P00185,Qadam Heeled Sandals,Footwear,Women's Footwear,Qadam,S0035,2299,1308
P00186,Qadam Flat Slippers,Footwear,Women's Footwear,Qadam,S0043,4499,2772
P00187,Stride Works Peshawari Chappal,Footwear,Men's Footwear,Stride Works,S0036,8099,4993
P00188,Pairwise Heeled Sandals,Footwear,Women's Footwear,Pairwise,S0036,2599,1486
P00189,Stride Works Leather Loafers,Footwear,Men's Footwear,Stride Works,S0038,3499,1980
P00190,Stride Works Heeled Sandals,footwear,Women's Footwear,Stride Works,S0043,2399,1529
P00191,Stride Works Flat Slippers,Footwear,Women's Footwear,Stride Works,S0034,2399,1277
P00192,Qadam Khussa,Footwear,Women's Footwear,Qadam,S0038,4999,2723
P00193,Pairwise Leather Loafers,Footwear,Men's Footwear,Pairwise,S0038,4599,2769
P00194,Qadam Khussa,Footwear,Women's Footwear,Qadam,S0044,3099,1706
P00195,Stride Works Heeled Sandals,Footwear,Women's Footwear,Stride Works,S0042,4999,2726
P00196,Qadam Peshawari Chappal,Footwear,Men's Footwear,Qadam,S0036,4499,2822
P00197,Pairwise Khussa,Footwear,Women's Footwear,Pairwise,S0042,2599,1397
P00198,Qadam Leather Loafers,Footwear,Men's Footwear,Qadam,S0044,4199,2386
P00199,Qadam Heeled Sandals,Footwear,Women's Footwear,Qadam,S0034,2199,1202
P00200,Pairwise Khussa,Footwear,Women's Footwear,Pairwise,S0044,5699,3008
P00201,Stride Works Leather Loafers,Footwear,Men's Footwear,Stride Works,S0043,3699,1986
P00202,Qadam Flat Slippers,Footwear,Women's Footwear,Qadam,S0042,6399,3991
P00203,Qadam Peshawari Chappal,Footwear,Men's Footwear,Qadam,S0039,6499,3609
P00204,Pairwise Flat Slippers,Footwear,Women's Footwear,Pairwise,S0035,2499,1473
P00205,Nexivo Air Fryer 4L,Electronics,Home Appliances,Nexivo,S0057,52899,41274
P00206,Sonora Over-Ear Headphones,Electronics,Audio,Sonora,S0055,10899,8993
P00207,Sonora Bluetooth Speaker,electronics,Audio,Sonora,S0056,4099,3502
P00208,Voltix Air Fryer 4L,Electronics,Home Appliances,Voltix,S0053,33299,27030
P00209,Voltix Over-Ear Headphones,Electronics,Audio,Voltix,S0053,3699,2942
P00210,Sonora Air Fryer 4L,Electronics,Home Appliances,Sonora,S0053,8299,7379
P00211,Sonora Air Fryer 4L,Electronics,Home Appliances,Sonora,S0049,8899,6743
P00212,Nexivo Smartphone 128GB,Electronics,Smartphones,Nexivo,S0045,118199,103267
P00213,Sonora Smartphone 128GB,Electronics,Smartphones,Sonora,S0053,86399,72809
P00214,Nexivo Inverter Fan,Electronics,Home Appliances,Nexivo,S0052,30999,25255
P00215,Voltix Bluetooth Speaker,Electronics,Audio,Voltix,S0047,11999,9340
P00216,Sonora Smartphone 256GB,Electronics,Smartphones,Sonora,S0056,45299,34008
P00217,Sonora Room Heater,Electronics,Home Appliances,Sonora,S0055,12199,10823
P00218,Voltix Room Heater,Electronics,Home Appliances,Voltix,S0049,22199,18647
P00219,Nexivo Wireless Earbuds,Electronics,Audio,Nexivo,S0053,8599,7298
P00220,Nexivo Air Fryer 4L,Electronics,Home Appliances,Nexivo,S0054,7099,5340
P00221,Sonora Over-Ear Headphones,Electronics,Audio,Sonora,S0048,5999,5244
P00222,Nexivo Smartphone 256GB,Electronics,Smartphones,Nexivo,S0052,84699,71116
P00223,Sonora Bluetooth Speaker,Electronics,Audio,Sonora,S0057,6599,5668
P00224,Voltix Bluetooth Speaker,Electronics,Audio,Voltix,S0046,6899,5650
P00225,Nexivo Inverter Fan,Electronics,Home Appliances,Nexivo,S0051,54999,42546
P00226,Voltix Smartphone 128GB,Electronics,Smartphones,Voltix,S0046,27999,24031
P00227,Sonora Air Fryer 4L,Electronics,Home Appliances,Sonora,S0045,22299,17069
P00228,Nexivo Room Heater,Electronics,Home Appliances,Nexivo,S0053,12699,10954
P00229,Voltix Wireless Earbuds,Electronics,Audio,Voltix,S0048,14899,13072
P00230,Nexivo Room Heater,Electronics,Home Appliances,Nexivo,S0058,9999,7810
P00231,Nexivo Smartphone 128GB,Electronics,Smartphones,Nexivo,S0053,118899,100208
P00232,Sonora Bluetooth Speaker,Electronics,Audio,Sonora,S0057,15799,13818
P00233,Voltix Bluetooth Speaker,Electronics,Audio,Voltix,S0049,5999,5319
P00234,Nexivo Inverter Fan,Electronics,Home Appliances,Nexivo,S0056,11199,9295
P00235,Voltix Over-Ear Headphones,Electronics,Audio,Voltix,S0052,8799,6975
P00236,Nexivo Inverter Fan,Electronics,Home Appliances,Nexivo,S0049,7999,6489
P00237,Voltix Air Fryer 4L,Electronics,Home Appliances,Voltix,S0048,34499,27250
P00238,Voltix Smartphone 256GB,Electronics,Smartphones,Voltix,S0047,72699,54307
P00239,Sonora Smartphone 128GB,Electronics,Smartphones,Sonora,S0053,28899,24202
P00240,Voltix Smartphone 128GB,Electronics,Smartphones,Voltix,S0051,53299,47141
P00241,Voltix Room Heater,Electronics,Home Appliances,Voltix,S0045,9099,6939
P00242,Sonora Wireless Earbuds,Electronics,Audio,Sonora,S0047,9199,8227
P00243,Sonora Over-Ear Headphones,Electronics,Audio,Sonora,S0051,4499,3486
P00244,Sonora Bluetooth Speaker,Electronics,Audio,Sonora,S0045,4999,4049
P00245,Nexivo Smartphone 256GB,Electronics,Smartphones,Nexivo,S0054,68099,58206
P00246,Voltix Inverter Fan,Electronics,Home Appliances,Voltix,S0046,17899,13334
P00247,Sonora Smartphone 128GB,Electronics,Smartphones,Sonora,S0048,54299,47414
P00248,Nexivo Smartphone 256GB,Electronics,Smartphones,Nexivo,S0057,37499,33363
P00249,Nexivo Smartphone 256GB,Electronics,Smartphones,Nexivo,S0058,28499,25266
P00250,Voltix Air Fryer 4L,Electronics,Home Appliances,Voltix,S0058,21299,17863
P00251,Sonora Inverter Fan,Electronics,Home Appliances,Sonora,S0053,15699,13491
P00252,Sonora Smartphone 256GB,Electronics,Smartphones,Sonora,S0046,80999,66550
P00253,Nexivo Wireless Earbuds,Electronics,Audio,Nexivo,S0049,16899,12956
P00254,Nexivo Bluetooth Speaker,Electronics,Audio,Nexivo,S0048,6199,4794
P00255,Sonora Steam Iron,Electronics,Home Appliances,Sonora,S0057,14299,12003
P00256,Nexivo Smartphone 256GB,Electronics,Smartphones,Nexivo,S0057,40799,31117
P00257,Nexivo Room Heater,Electronics,Home Appliances,Nexivo,S0046,28299,23091
P00258,Sonora Smartphone 128GB,Electronics,Smartphones,Sonora,S0055,42399,34907
P00259,Voltix Room Heater,Electronics,Home Appliances,Voltix,S0056,16799,12717
P00260,Nexivo Wireless Earbuds,Electronics,Audio,Nexivo,S0057,6599,5614
P00261,Voltix Smartphone 128GB,Electronics,Smartphones,Voltix,S0045,42499,34252
P00262,Nexivo Bluetooth Speaker,Electronics ,Audio,Nexivo,S0052,4299,3436
P00263,Nexivo Smartphone 128GB,Electronics,Smartphones,Nexivo,S0050,32799,26661
P00264,Nexivo Smartphone 128GB,Electronics,Smartphones,Nexivo,S0045,91099,76098
P00265,Voltix Smartphone 128GB,Electronics,Smartphones,Voltix,S0055,59299,44738
P00266,Sonora Smartphone 128GB,Electronics,Smartphones,Sonora,S0049,110399,95304
P00267,Voltix Inverter Fan,Electronics,Home Appliances,Voltix,S0052,36799,33078
P00268,Voltix Inverter Fan,Electronics,Home Appliances,Voltix,S0058,16699,13245
P00269,ChargeUp Phone Case,Mobile Accessories,Cases & Protection,ChargeUp,S0069,899,425
P00270,ChargeUp Power Bank 10000mAh,Mobile Accessories,Chargers & Cables,ChargeUp,S0076,2399,1125
P00271,Voltix USB-C Cable,Mobile Accessories,Chargers & Cables,Voltix,S0068,3499,1581
P00272,Armor Case Phone Case,MOBILE ACCESSORIES,Cases & Protection,Armor Case,S0067,549,235
P00273,ChargeUp Phone Case,Mobile Accessories,Cases & Protection,ChargeUp,S0059,499,204
P00274,Armor Case USB-C Cable,Mobile Accessories,Chargers & Cables,Armor Case,S0064,749,326
P00275,Armor Case Fast Charger 25W,Mobile accessories,Chargers & Cables,Armor Case,S0065,599,283
P00276,Voltix Tempered Glass,Mobile Accessories,Cases & Protection,Voltix,S0059,1799,780
P00277,Voltix Power Bank 10000mAh,Mobile Accessories,Chargers & Cables,Voltix,S0072,2199,977
P00278,Voltix Fast Charger 25W,Mobile Accessories,Chargers & Cables,Voltix,S0073,2399,992
P00279,Voltix Phone Case,Mobile Accessories,Cases & Protection,Voltix,S0059,1399,571
P00280,Voltix Tempered Glass,Mobile Accessories,Cases & Protection,Voltix,S0074,1449,600
P00281,ChargeUp Phone Case,Mobile Accessories,Cases & Protection,ChargeUp,S0075,799,343
P00282,Armor Case Tempered Glass,Mobile Accessories,Cases & Protection,Armor Case,S0059,799,388
P00283,Armor Case Tempered Glass,Mobile Accessories,Cases & Protection,Armor Case,S0073,699,299
P00284,Armor Case USB-C Cable,Mobile Accessories,Chargers & Cables,Armor Case,S0073,649,287
P00285,Voltix Power Bank 10000mAh,Mobile Accessories,Chargers & Cables,Voltix,S0071,799,393
P00286,Voltix Tempered Glass,Mobile Accessories,Cases & Protection,Voltix,S0076,499,239
P00287,Armor Case Power Bank 10000mAh,Mobile Accessories,Chargers & Cables,Armor Case,S0062,849,387
P00288,Voltix USB-C Cable,Mobile Accessories,Chargers & Cables,Voltix,S0065,549,226
P00289,Armor Case Tempered Glass,Mobile Accessories,Cases & Protection,Armor Case,S0060,599,293
P00290,Voltix Fast Charger 25W,Mobile Accessories,Chargers & Cables,Voltix,S0063,699,328
P00291,Armor Case Fast Charger 25W,Mobile Accessories,Chargers & Cables,Armor Case,S0072,699,312
P00292,Voltix Power Bank 10000mAh,Mobile Accessories,Chargers & Cables,Voltix,S0073,1299,539
P00293,Voltix Phone Case,Mobile Accessories,Cases & Protection,Voltix,S0065,1849,824
P00294,Armor Case Tempered Glass,Mobile Accessories,Cases & Protection,Armor Case,S0069,549,257
P00295,ChargeUp Tempered Glass,Mobile Accessories,Cases & Protection,ChargeUp,S0061,449,208
P00296,ChargeUp Power Bank 10000mAh,Mobile Accessories,Chargers & Cables,ChargeUp,S0075,3199,1335
P00297,ChargeUp Tempered Glass,Mobile Accessories,Cases & Protection,ChargeUp,S0075,699,287
P00298,Armor Case USB-C Cable,Mobile Accessories,Chargers & Cables,Armor Case,S0071,799,342
P00299,Armor Case USB-C Cable,Mobile Accessories,Chargers & Cables,Armor Case,S0063,1049,498
P00300,Armor Case Power Bank 10000mAh,Mobile Accessories,Chargers & Cables,Armor Case,S0064,1549,754
P00301,Voltix Phone Case,Mobile Accessories,Cases & Protection,Voltix,S0072,449,222
P00302,Armor Case Tempered Glass,Mobile Accessories,Cases & Protection,Armor Case,S0067,449,212
P00303,Armor Case Power Bank 10000mAh,Mobile Accessories,Chargers & Cables,Armor Case,S0074,1999,920
P00304,Voltix Fast Charger 25W,MOBILE ACCESSORIES,Chargers & Cables,Voltix,S0068,2599,1103
P00305,ChargeUp Phone Case,Mobile Accessories,Cases & Protection,ChargeUp,S0075,1149,500
P00306,Voltix USB-C Cable,Mobile Accessories,Chargers & Cables,Voltix,S0072,749,355
P00307,ChargeUp Phone Case,Mobile Accessories,Cases & Protection,ChargeUp,S0062,649,299
P00308,ChargeUp Tempered Glass,Mobile accessories,Cases & Protection,ChargeUp,S0064,649,265
P00309,ChargeUp Tempered Glass,Mobile Accessories,Cases & Protection,ChargeUp,S0077,1299,581
P00310,Armor Case Fast Charger 25W,Mobile Accessories,Chargers & Cables,Armor Case,S0060,1149,510
P00311,Armor Case Power Bank 10000mAh,Mobile Accessories,Chargers & Cables,Armor Case,S0070,2899,1274
P00312,ChargeUp Fast Charger 25W,Mobile Accessories,Chargers & Cables,ChargeUp,S0061,999,473
P00313,Armor Case Phone Case,Mobile Accessories,Cases & Protection,Armor Case,S0075,1749,772
P00314,ChargeUp Tempered Glass,Mobile Accessories,Cases & Protection,ChargeUp,S0066,599,253
P00315,Armor Case USB-C Cable,Mobile Accessories,Chargers & Cables,Armor Case,S0074,1299,623
P00316,ChargeUp Power Bank 10000mAh,Mobile Accessories,Chargers & Cables,ChargeUp,S0060,1149,504
P00317,Armor Case Phone Case,Mobile Accessories,Cases & Protection,Armor Case,S0065,449,211
P00318,ChargeUp Phone Case,Mobile Accessories,Cases & Protection,ChargeUp,S0059,1299,624
P00319,ChargeUp Fast Charger 25W,Mobile Accessories,Chargers & Cables,ChargeUp,S0075,499,213
P00320,Armor Case Power Bank 10000mAh,Mobile Accessories,Chargers & Cables,Armor Case,S0064,1149,517
P00321,Voltix Tempered Glass,Mobile Accessories,Cases & Protection,Voltix,S0069,499,224
P00322,Voltix Power Bank 10000mAh,Mobile Accessories,Chargers & Cables,Voltix,S0076,1799,796
P00323,Armor Case USB-C Cable,Mobile Accessories,Chargers & Cables,Armor Case,S0064,1399,605
P00324,ChargeUp Phone Case,Mobile Accessories,Cases & Protection,ChargeUp,S0059,699,321
P00325,ChargeUp Tempered Glass,Mobile Accessories,Cases & Protection,ChargeUp,S0077,1199,502
P00326,ChargeUp Tempered Glass,Mobile Accessories,Cases & Protection,ChargeUp,S0064,449,184
P00327,Voltix USB-C Cable,Mobile Accessories,Chargers & Cables,Voltix,S0075,599,262
P00328,ChargeUp Tempered Glass,Mobile Accessories,Cases & Protection,ChargeUp,S0062,1049,443
P00329,ChargeUp Tempered Glass,Mobile Accessories,Cases & Protection,ChargeUp,S0070,999,472
P00330,Voltix Fast Charger 25W,Mobile Accessories,Chargers & Cables,Voltix,S0062,2399,1036
P00331,ChargeUp Tempered Glass,Mobile Accessories,Cases & Protection,ChargeUp,S0069,1799,796
P00332,Armor Case Fast Charger 25W,Mobile Accessories,Chargers & Cables,Armor Case,S0065,1299,588
P00333,ChargeUp Fast Charger 25W,Mobile Accessories,Chargers & Cables,ChargeUp,S0073,3099,1469
P00334,ChargeUp Tempered Glass,Mobile Accessories,Cases & Protection,ChargeUp,S0076,1699,794
P00335,Armor Case Tempered Glass,Mobile Accessories,Cases & Protection,Armor Case,S0060,1349,618
P00336,ChargeUp Power Bank 10000mAh,Mobile Accessories,Chargers & Cables,ChargeUp,S0062,1949,906
P00337,Armor Case Power Bank 10000mAh,Mobile Accessories,Chargers & Cables,Armor Case,S0066,2199,931
P00338,Armor Case Tempered Glass,Mobile Accessories,Cases & Protection,Armor Case,S0074,849,375
P00339,Armor Case Tempered Glass,Mobile Accessories,Cases & Protection,Armor Case,S0065,1049,485
P00340,Voltix USB-C Cable,Mobile Accessories,Chargers & Cables,Voltix,S0076,1699,704
P00341,ChargeUp Power Bank 10000mAh,Mobile Accessories,Chargers & Cables,ChargeUp,S0077,1399,578
P00342,Armor Case Power Bank 10000mAh,Mobile Accessories,Chargers & Cables,Armor Case,S0059,749,343
P00343,Armor Case Phone Case,Mobile Accessories,Cases & Protection,Armor Case,S0072,699,329
P00344,Armor Case Fast Charger 25W,Mobile Accessories,Chargers & Cables,Armor Case,S0065,999,422
P00345,Armor Case USB-C Cable,Mobile Accessories,Chargers & Cables,Armor Case,S0066,3099,1285
P00346,Armor Case USB-C Cable,Mobile Accessories,Chargers & Cables,Armor Case,S0075,2399,1145
P00347,ChargeUp Tempered Glass,Mobile Accessories,Cases & Protection,ChargeUp,S0076,1049,430
P00348,Voltix Tempered Glass,Mobile Accessories,Cases & Protection,Voltix,S0071,1649,699
P00349,Voltix Phone Case,Mobile Accessories,Cases & Protection,Voltix,S0062,899,441
P00350,Voltix Fast Charger 25W,Mobile Accessories,Chargers & Cables,Voltix,S0075,849,415
P00351,Armor Case USB-C Cable,Mobile Accessories,Chargers & Cables,Armor Case,S0075,1749,727
P00352,ChargeUp Power Bank 10000mAh,Mobile Accessories,Chargers & Cables,ChargeUp,S0065,799,340
P00353,Armor Case Phone Case,Mobile Accessories,Cases & Protection,Armor Case,S0065,549,241
P00354,Armor Case Phone Case,Mobile Accessories,Cases & Protection,Armor Case,S0067,1749,850
P00355,Voltix Tempered Glass,Mobile Accessories,Cases & Protection,Voltix,S0069,1099,513
P00356,ChargeUp Tempered Glass,Mobile Accessories,Cases & Protection,ChargeUp,S0076,1849,812
P00357,ChargeUp USB-C Cable,Mobile Accessories,Chargers & Cables,ChargeUp,S0065,1349,588
P00358,Qila Cookware Knife Set,Home & Kitchen,Cookware,Qila Cookware,S0092,3099,1857
P00359,Ghar Craft Storage Box Set,Home & Kitchen,Storage,Ghar Craft,S0095,1099,707
P00360,Handi Home Knife Set,Home & Kitchen,Cookware,Handi Home,S0096,9799,5560
P00361,Handi Home Spice Rack,Home & Kitchen,Storage,Handi Home,S0098,1899,1104
P00362,Ghar Craft Winter Quilt,Home & Kitchen,Bedding,Ghar Craft,S0084,3199,2068
P00363,Handi Home Bedsheet Set,Home & Kitchen,Bedding,Handi Home,S0091,5499,3108
P00364,Ghar Craft Cushion Covers,Home & Kitchen,Bedding,Ghar Craft,S0096,2899,1765
P00365,Ghar Craft Storage Box Set,Home & Kitchen,Storage,Ghar Craft,S0096,1149,731
P00366,Ghar Craft Storage Box Set,Home & Kitchen,Storage,Ghar Craft,S0092,3099,1976
P00367,Handi Home Bedsheet Set,Home & Kitchen,Bedding,Handi Home,S0094,4799,2917
P00368,Handi Home Cushion Covers,Home & Kitchen,Bedding,Handi Home,S0080,3099,1820
P00369,Handi Home Winter Quilt,Home & Kitchen,Bedding,Handi Home,S0083,5199,2851
P00370,Qila Cookware Spice Rack,Home & Kitchen,Storage,Qila Cookware,S0090,1599,940
P00371,Handi Home Bedsheet Set,Home & Kitchen,Bedding,Handi Home,S0088,6199,3956
P00372,Qila Cookware Winter Quilt,Home & Kitchen,Bedding,Qila Cookware,S0094,3899,2177
P00373,Ghar Craft Storage Box Set,Home & Kitchen,Storage,Ghar Craft,S0090,1149,713
P00374,Ghar Craft Pressure Cooker,Home & Kitchen,Cookware,Ghar Craft,S0083,4299,2773
P00375,Ghar Craft Cushion Covers,Home & Kitchen,Bedding,Ghar Craft,S0099,10999,5982
P00376,Qila Cookware Spice Rack,Home & Kitchen,Storage,Qila Cookware,S0086,3199,1876
P00377,Qila Cookware Winter Quilt,Home & Kitchen,Bedding,Qila Cookware,S0095,7999,4540
P00378,Handi Home Storage Box Set,Home & Kitchen,Storage,Handi Home,S0081,2099,1196
P00379,Qila Cookware Non-Stick Pan Set,Home & Kitchen,Cookware,Qila Cookware,S0081,8999,5929
P00380,Handi Home Cushion Covers,Home & Kitchen,Bedding,Handi Home,S0078,5899,3437
P00381,Qila Cookware Spice Rack,Home & Kitchen,Storage,Qila Cookware,S0087,949,528
P00382,Ghar Craft Storage Box Set,home & kitchen,Storage,Ghar Craft,S0086,3299,2001
P00383,Handi Home Pressure Cooker,Home & Kitchen,Cookware,Handi Home,S0091,2599,1569
P00384,Qila Cookware Non-Stick Pan Set,Home & Kitchen,Cookware,Qila Cookware,S0099,4999,2804
P00385,Qila Cookware Knife Set,Home & Kitchen,Cookware,Qila Cookware,S0088,3199,1799
P00386,Handi Home Storage Box Set,Home & Kitchen,Storage,Handi Home,S0098,749,480
P00387,Ghar Craft Knife Set,Home & Kitchen,Cookware,Ghar Craft,S0086,9399,5863
P00388,Qila Cookware Winter Quilt,Home & Kitchen,Bedding,Qila Cookware,S0087,5599,3091
P00389,Ghar Craft Cushion Covers,Home & Kitchen,Bedding,Ghar Craft,S0091,2299,1428
P00390,Qila Cookware Non-Stick Pan Set,Home & Kitchen,Cookware,Qila Cookware,S0084,11799,7628
P00391,Ghar Craft Pressure Cooker,Home & Kitchen,Cookware,Ghar Craft,S0091,7199,4332
P00392,Ghar Craft Non-Stick Pan Set,Home & Kitchen,Cookware,Ghar Craft,S0088,1999,1232
P00393,Handi Home Knife Set,Home & Kitchen,Cookware,Handi Home,S0094,2399,1451
P00394,Qila Cookware Cushion Covers,Home & Kitchen,Bedding,Qila Cookware,S0089,4199,2640
P00395,Qila Cookware Pressure Cooker,Home & Kitchen,Cookware,Qila Cookware,S0079,8699,5066
P00396,Qila Cookware Cushion Covers,Home & Kitchen,Bedding,Qila Cookware,S0085,8999,4926
P00397,Handi Home Bedsheet Set,Home & Kitchen,Bedding,Handi Home,S0084,2499,1569
P00398,Ghar Craft Storage Box Set,Home & Kitchen,Storage,Ghar Craft,S0078,949,591
P00399,Ghar Craft Winter Quilt,Home & Kitchen,Bedding,Ghar Craft,S0088,2099,1284
P00400,Handi Home Non-Stick Pan Set,Home & Kitchen,Cookware,Handi Home,S0094,10199,5574
P00401,Qila Cookware Spice Rack,Home & Kitchen,Storage,Qila Cookware,S0098,3899,2208
P00402,Qila Cookware Storage Box Set,Home & Kitchen,Storage,Qila Cookware,S0080,2499,1488
P00403,Qila Cookware Pressure Cooker,Home & Kitchen,Cookware,Qila Cookware,S0085,6199,3549
P00404,Handi Home Cushion Covers,Home & Kitchen,Bedding,Handi Home,S0082,2199,1303
P00405,Ghar Craft Spice Rack,Home & Kitchen,Storage,Ghar Craft,S0086,999,547
P00406,Qila Cookware Pressure Cooker,Home & Kitchen,Cookware,Qila Cookware,S0091,3299,2104
P00407,Ghar Craft Cushion Covers,Home & Kitchen,Bedding,Ghar Craft,S0084,8699,5148
P00408,Qila Cookware Pressure Cooker,Home & Kitchen,Cookware,Qila Cookware,S0099,3899,2254
P00409,Ghar Craft Bedsheet Set,Home & Kitchen,Bedding,Ghar Craft,S0096,4499,2730
P00410,Qila Cookware Pressure Cooker,Home & Kitchen,Cookware,Qila Cookware,S0094,1599,867
P00411,Ghar Craft Bedsheet Set,Home & Kitchen,Bedding,Ghar Craft,S0097,2499,1470
P00412,Handi Home Non-Stick Pan Set,Home & Kitchen,Cookware,Handi Home,S0080,1499,908
P00413,Ghar Craft Pressure Cooker,Home and Kitchen,Cookware,Ghar Craft,S0085,4699,2599
P00414,Qila Cookware Spice Rack,Home & Kitchen,Storage,Qila Cookware,S0080,899,551
P00415,Handi Home Winter Quilt,Home & Kitchen,Bedding,Handi Home,S0099,2399,1475
P00416,Handi Home Non-Stick Pan Set,Home & Kitchen,Cookware,Handi Home,S0087,3299,2176
P00417,Handi Home Pressure Cooker,Home & Kitchen,Cookware,Handi Home,S0086,5799,3774
P00418,Handi Home Pressure Cooker,Home & Kitchen,Cookware,Handi Home,S0090,6499,4035
P00419,Ghar Craft Bedsheet Set,Home & Kitchen,Bedding,Ghar Craft,S0088,2699,1469
P00420,Ghar Craft Storage Box Set,home & kitchen,Storage,Ghar Craft,S0093,3999,2483
P00421,Ghar Craft Cushion Covers,Home & Kitchen,Bedding,Ghar Craft,S0083,6299,3677
P00422,Qila Cookware Bedsheet Set,Home & Kitchen,Bedding,Qila Cookware,S0090,6399,4133
P00423,Qila Cookware Storage Box Set,Home & Kitchen,Storage,Qila Cookware,S0094,1599,910
P00424,Ghar Craft Bedsheet Set,Home & Kitchen,Bedding,Ghar Craft,S0096,13599,7619
P00425,Ghar Craft Bedsheet Set,Home & Kitchen,Bedding,Ghar Craft,S0080,4499,2946
P00426,Qila Cookware Cushion Covers,Home & Kitchen,Bedding,Qila Cookware,S0080,2699,1753
P00427,Handi Home Storage Box Set,Home and Kitchen,Storage,Handi Home,S0093,1249,811
P00428,Ghar Craft Knife Set,Home & Kitchen,Cookware,Ghar Craft,S0095,11299,6450
P00429,Qila Cookware Bedsheet Set,Home & Kitchen,Bedding,Qila Cookware,S0089,3699,2079
P00430,Ghar Craft Bedsheet Set,Home & Kitchen,Bedding,Ghar Craft,S0088,7099,4264
P00431,Handi Home Storage Box Set,Home & Kitchen,Storage,Handi Home,S0096,2199,1418
P00432,Ghar Craft Spice Rack,Home & Kitchen,Storage,Ghar Craft,S0091,1149,630
P00433,Qila Cookware Cushion Covers,Home & Kitchen,Bedding,Qila Cookware,S0083,2299,1410
P00434,Handi Home Knife Set,Home & Kitchen,Cookware,Handi Home,S0095,8299,5042
P00435,Ghar Craft Cushion Covers,Home & Kitchen,Bedding,Ghar Craft,S0088,7199,3972
P00436,Handi Home Storage Box Set,Home & Kitchen,Storage,Handi Home,S0096,1949,1072
P00437,Handi Home Storage Box Set,Home & Kitchen,Storage,Handi Home,S0095,1949,1228
P00438,Ghar Craft Pressure Cooker,Home & Kitchen,Cookware,Ghar Craft,S0084,9499,5447
P00439,Qila Cookware Spice Rack,Home & Kitchen,Storage,Qila Cookware,S0093,3699,2102
P00440,Handi Home Non-Stick Pan Set,Home & Kitchen,Cookware,Handi Home,S0086,6999,4043
P00441,Handi Home Bedsheet Set,Home & Kitchen,Bedding,Handi Home,S0081,3399,1990
P00442,Handi Home Winter Quilt,Home & Kitchen,Bedding,Handi Home,S0095,2299,1513
P00443,Ghar Craft Non-Stick Pan Set,Home and Kitchen,Cookware,Ghar Craft,S0093,5399,3327
P00444,Handi Home Spice Rack,Home & Kitchen,Storage,Handi Home,S0092,3499,2204
P00445,Qila Cookware Pressure Cooker,Home & Kitchen,Cookware,Qila Cookware,S0084,3899,2222
P00446,Qila Cookware Pressure Cooker,Home & Kitchen,Cookware,Qila Cookware,S0096,1849,1135
P00447,Handi Home Storage Box Set,Home & Kitchen,Storage,Handi Home,S0082,2099,1201
P00448,Handi Home Non-Stick Pan Set,Home & Kitchen,Cookware,Handi Home,S0081,3799,2222
P00449,Handi Home Non-Stick Pan Set,Home & Kitchen,Cookware,Handi Home,S0092,3499,2078
P00450,Ghar Craft Knife Set,Home & Kitchen,Cookware,Ghar Craft,S0079,11099,7151
P00451,Qila Cookware Pressure Cooker,Home & Kitchen,Cookware,Qila Cookware,S0078,2999,1716
P00452,Ghar Craft Pressure Cooker,Home & Kitchen,Cookware,Ghar Craft,S0083,1899,1199
P00453,Ghar Craft Winter Quilt,Home & Kitchen,Bedding,Ghar Craft,S0088,2999,1950
P00454,Qila Cookware Cushion Covers,Home & Kitchen,Bedding,Qila Cookware,S0081,11899,7090
P00455,Ghar Craft Storage Box Set,Home & Kitchen,Storage,Ghar Craft,S0085,799,448
P00456,Qila Cookware Spice Rack,Home & Kitchen,Storage,Qila Cookware,S0079,999,616
P00457,Qila Cookware Pressure Cooker,Home & Kitchen,Cookware,Qila Cookware,S0093,2999,1957
P00458,Ghar Craft Knife Set,Home & Kitchen,Cookware,Ghar Craft,S0086,2599,1544
P00459,Handi Home Cushion Covers,Home & Kitchen,Bedding,Handi Home,S0094,2699,1546
P00460,Saaf Skin Hair Oil,Beauty & Personal Care,Haircare,Saaf Skin,S0101,649,352
P00461,Itr House Eau de Parfum,Beauty & Personal Care,Fragrance,Itr House,S0114,4799,2161
P00462,Gulaab Naturals Hair Oil,Beauty & Personal Care,Haircare,Gulaab Naturals,S0101,599,312
P00463,Itr House Hair Oil,Beauty & Personal Care,Haircare,Itr House,S0112,1449,703
P00464,Saaf Skin Eau de Parfum,Beauty & Personal Care,Fragrance,Saaf Skin,S0100,2499,1327
P00465,Gulaab Naturals Vitamin C Serum,Beauty & Personal Care,Skincare,Gulaab Naturals,S0112,2399,1242
P00466,Saaf Skin Attar,Beauty & Personal Care,Fragrance,Saaf Skin,S0103,4799,2213
P00467,Gulaab Naturals Herbal Shampoo,Beauty & Personal Care,Haircare,Gulaab Naturals,S0108,599,327
P00468,Gulaab Naturals Sunblock SPF 50,Beauty & Personal Care,Skincare,Gulaab Naturals,S0104,1249,632
P00469,Itr House Eau de Parfum,Beauty & Personal Care,Fragrance,Itr House,S0114,2599,1259
P00470,Gulaab Naturals Herbal Shampoo,Beauty & Personal Care,Haircare,Gulaab Naturals,S0112,2399,1212
P00471,Saaf Skin Eau de Parfum,Beauty and Personal Care,Fragrance,Saaf Skin,S0104,3599,1656
P00472,Gulaab Naturals Attar,Beauty & Personal Care,Fragrance,Gulaab Naturals,S0103,4099,2130
P00473,Gulaab Naturals Sunblock SPF 50,Beauty & Personal Care,Skincare,Gulaab Naturals,S0113,1549,726
P00474,Itr House Attar,Beauty & Personal Care,Fragrance,Itr House,S0105,8299,4228
P00475,Saaf Skin Vitamin C Serum,Beauty & Personal Care,Skincare,Saaf Skin,S0109,2499,1245
P00476,Saaf Skin Herbal Shampoo,Beauty & Personal Care,Haircare,Saaf Skin,S0115,899,408
P00477,Gulaab Naturals Face Wash,Beauty & Personal Care,Skincare,Gulaab Naturals,S0102,749,384
P00478,Saaf Skin Sunblock SPF 50,Beauty & Personal Care,Skincare,Saaf Skin,S0102,699,365
P00479,Saaf Skin Attar,Beauty & Personal Care,Fragrance,Saaf Skin,S0103,3599,1892
P00480,Saaf Skin Attar,Beauty & Personal Care,Fragrance,Saaf Skin,S0102,3499,1686
P00481,Gulaab Naturals Hair Oil,Beauty & Personal Care,Haircare,Gulaab Naturals,S0101,2999,1368
P00482,Gulaab Naturals Face Wash,Beauty & Personal Care,Skincare,Gulaab Naturals,S0105,1999,1087
P00483,Saaf Skin Herbal Shampoo,Beauty & Personal Care,Haircare,Saaf Skin,S0106,1499,785
P00484,Gulaab Naturals Eau de Parfum,Beauty and Personal Care,Fragrance,Gulaab Naturals,S0112,1749,911
P00485,Gulaab Naturals Hair Oil,Beauty & Personal Care,Haircare,Gulaab Naturals,S0112,1499,802
P00486,Itr House Herbal Shampoo,Beauty & Personal Care,Haircare,Itr House,S0108,749,339
P00487,Gulaab Naturals Sunblock SPF 50,Beauty & Personal Care,Skincare,Gulaab Naturals,S0103,1249,672
P00488,Itr House Hair Oil,Beauty & Personal Care,Haircare,Itr House,S0104,1249,582
P00489,Gulaab Naturals Eau de Parfum,Beauty & Personal Care,Fragrance,Gulaab Naturals,S0101,3699,1883
P00490,Itr House Attar,beauty & personal care,Fragrance,Itr House,S0112,2999,1361
P00491,Gulaab Naturals Sunblock SPF 50,Beauty & Personal Care,Skincare,Gulaab Naturals,S0104,1649,821
P00492,Itr House Herbal Shampoo,Beauty & Personal Care,Haircare,Itr House,S0113,1649,839
P00493,Saaf Skin Attar,Beauty & Personal Care,Fragrance,Saaf Skin,S0111,2599,1338
P00494,Gulaab Naturals Hair Oil,beauty & personal care,Haircare,Gulaab Naturals,S0100,1099,512
P00495,Saaf Skin Eau de Parfum,beauty & personal care,Fragrance,Saaf Skin,S0108,3199,1585
P00496,Itr House Vitamin C Serum,Beauty & Personal Care,Skincare,Itr House,S0102,1049,530
P00497,Gulaab Naturals Hair Oil,Beauty & Personal Care,Haircare,Gulaab Naturals,S0115,1699,839
P00498,Gulaab Naturals Vitamin C Serum,Beauty & Personal Care,Skincare,Gulaab Naturals,S0106,799,362
P00499,Itr House Face Wash,Beauty & Personal Care,Skincare,Itr House,S0113,3899,2024
P00500,Saaf Skin Hair Oil,Beauty & Personal Care,Haircare,Saaf Skin,S0108,549,297
P00501,Itr House Sunblock SPF 50,Beauty & Personal Care,Skincare,Itr House,S0106,3099,1551
P00502,Gulaab Naturals Attar,Beauty & Personal Care,Fragrance,Gulaab Naturals,S0115,4899,2231
P00503,Gulaab Naturals Hair Oil,Beauty & Personal Care,Haircare,Gulaab Naturals,S0106,749,341
P00504,Itr House Sunblock SPF 50,Beauty & Personal Care,Skincare,Itr House,S0107,3399,1666
P00505,Gulaab Naturals Herbal Shampoo,Beauty & Personal Care,Haircare,Gulaab Naturals,S0110,1299,705
P00506,Itr House Hair Oil,Beauty & Personal Care,Haircare,Itr House,S0102,1349,640
P00507,Gulaab Naturals Attar,Beauty & Personal Care,Fragrance,Gulaab Naturals,S0115,4099,1847
P00508,Saaf Skin Herbal Shampoo,Beauty & Personal Care,Haircare,Saaf Skin,S0112,799,389
P00509,Itr House Vitamin C Serum,Beauty & Personal Care,Skincare,Itr House,S0100,1199,579
P00510,Itr House Attar,beauty & personal care,Fragrance,Itr House,S0113,5199,2855
P00511,Saaf Skin Face Wash,Beauty & Personal Care,Skincare,Saaf Skin,S0112,3999,2116
P00512,Gulaab Naturals Face Wash,Beauty and Personal Care,Skincare,Gulaab Naturals,S0107,2899,1522
P00513,Itr House Face Wash,Beauty & Personal Care,Skincare,Itr House,S0106,2099,1147
P00514,Saaf Skin Eau de Parfum,Beauty & Personal Care,Fragrance,Saaf Skin,S0112,3299,1667
P00515,Saaf Skin Eau de Parfum,Beauty & Personal Care,Fragrance,Saaf Skin,S0106,6599,3342
P00516,Saaf Skin Vitamin C Serum,Beauty & Personal Care,Skincare,Saaf Skin,S0101,2499,1299
P00517,Itr House Vitamin C Serum,Beauty & Personal Care,Skincare,Itr House,S0104,2299,1149
P00518,Saaf Skin Vitamin C Serum,Beauty & Personal Care,Skincare,Saaf Skin,S0115,599,277
P00519,Itr House Hair Oil,Beauty & Personal Care,Haircare,Itr House,S0111,1799,963
P00520,Saaf Skin Attar,Beauty & Personal Care,Fragrance,Saaf Skin,S0106,4199,2191
P00521,Saaf Skin Vitamin C Serum,Beauty & Personal Care,Skincare,Saaf Skin,S0106,1649,788
P00522,Itr House Hair Oil,Beauty & Personal Care,Haircare,Itr House,S0101,1799,975
P00523,Itr House Attar,Beauty & Personal Care,Fragrance,Itr House,S0113,4499,2369
P00524,Saaf Skin Herbal Shampoo,Beauty & Personal Care,Haircare,Saaf Skin,S0113,2399,1201
P00525,Saaf Skin Attar,Beauty & Personal Care,Fragrance,Saaf Skin,S0114,1799,897
P00526,Gulaab Naturals Herbal Shampoo,Beauty & Personal Care,Haircare,Gulaab Naturals,S0100,499,260
P00527,Itr House Sunblock SPF 50,Beauty & Personal Care,Skincare,Itr House,S0111,949,456
P00528,Itr House Hair Oil,Beauty & Personal Care,Haircare,Itr House,S0108,1349,652
P00529,Saaf Skin Hair Oil,Beauty & Personal Care,Haircare,Saaf Skin,S0115,1199,642
P00530,Itr House Herbal Shampoo,Beauty & Personal Care,Haircare,Itr House,S0104,1349,647
P00531,Itr House Vitamin C Serum,Beauty & Personal Care,Skincare,Itr House,S0108,1649,827
P00532,Itr House Hair Oil,Beauty & Personal Care,Haircare,Itr House,S0101,1249,684
P00533,Itr House Sunblock SPF 50,Beauty & Personal Care,Skincare,Itr House,S0100,3399,1634
P00534,Itr House Face Wash,Beauty & Personal Care,Skincare,Itr House,S0103,799,385
P00535,Saaf Skin Herbal Shampoo,Beauty & Personal Care,Haircare,Saaf Skin,S0106,2199,1006
P00536,Kheti Fresh Atta 10kg,Grocery,Staples,Kheti Fresh,S0117,3299,2619
P00537,Kheti Fresh Basmati Rice 5kg,Grocery,Staples,Kheti Fresh,S0116,2399,1884
P00538,Chai Point Tea 950g,Grocery,Beverages,Chai Point,S0119,299,212
P00539,Daal Mandi Basmati Rice 5kg,Grocery,Staples,Daal Mandi,S0126,899,752
P00540,Daal Mandi Cooking Oil 5L,Grocery,Staples,Daal Mandi,S0120,699,525
P00541,Daal Mandi Atta 10kg,Grocery,Staples,Daal Mandi,S0117,599,426
P00542,Kheti Fresh Green Tea 50 Bags,Grocery,Beverages,Kheti Fresh,S0118,1549,1146
P00543,Kheti Fresh Juice Pack,Grocery,Beverages,Kheti Fresh,S0121,449,356
P00544,Daal Mandi Basmati Rice 5kg,Grocery,Staples,Daal Mandi,S0121,1599,1320
P00545,Daal Mandi Basmati Rice 5kg,Grocery,Staples,Daal Mandi,S0128,849,603
P00546,Kheti Fresh Atta 10kg,Grocery,Staples,Kheti Fresh,S0126,649,474
P00547,Daal Mandi Cooking Oil 5L,Grocery,Staples,Daal Mandi,S0117,899,685
P00548,Daal Mandi Juice Pack,Grocery,Beverages,Daal Mandi,S0116,899,737
P00549,Daal Mandi Tea 950g,Grocery,Beverages,Daal Mandi,S0121,499,384
P00550,Daal Mandi Atta 10kg,Grocery,Staples,Daal Mandi,S0128,749,533
P00551,Kheti Fresh Juice Pack,Grocery,Beverages,Kheti Fresh,S0118,549,448
P00552,Daal Mandi Cooking Oil 5L,Grocery,Staples,Daal Mandi,S0128,2099,1753
P00553,Daal Mandi Juice Pack,Grocery,Beverages,Daal Mandi,S0127,1099,853
P00554,Kheti Fresh Green Tea 50 Bags,Grocery,Beverages,Kheti Fresh,S0124,749,622
P00555,Daal Mandi Cooking Oil 5L,Grocery,Staples,Daal Mandi,S0127,3199,2623
P00556,Chai Point Tea 950g,Grocery,Beverages,Chai Point,S0129,1499,1091
P00557,Daal Mandi Juice Pack,Grocery,Beverages,Daal Mandi,S0129,449,346
P00558,Chai Point Juice Pack,Grocery,Beverages,Chai Point,S0118,399,286
P00559,Kheti Fresh Juice Pack,Grocery,Beverages,Kheti Fresh,S0126,449,329
P00560,Daal Mandi Basmati Rice 5kg,Grocery,Staples,Daal Mandi,S0117,1299,1006
P00561,Chai Point Green Tea 50 Bags,Grocery,Beverages,Chai Point,S0120,499,363
P00562,Kheti Fresh Green Tea 50 Bags,Grocery,Beverages,Kheti Fresh,S0129,549,390
P00563,Chai Point Basmati Rice 5kg,Grocery,Staples,Chai Point,S0127,1299,1040
P00564,Chai Point Tea 950g,Grocery,Beverages,Chai Point,S0129,1699,1403
P00565,Chai Point Juice Pack,Grocery,Beverages,Chai Point,S0122,1049,894
P00566,Chai Point Tea 950g,Grocery,Beverages,Chai Point,S0117,1349,1057
P00567,Daal Mandi Atta 10kg,Grocery,Staples,Daal Mandi,S0128,3199,2594
P00568,Kheti Fresh Atta 10kg,grocery,Staples,Kheti Fresh,S0119,899,710
P00569,Kheti Fresh Cooking Oil 5L,Grocery,Staples,Kheti Fresh,S0125,1699,1265
P00570,Kheti Fresh Cooking Oil 5L,Grocery,Staples,Kheti Fresh,S0116,699,493
P00571,Kheti Fresh Cooking Oil 5L,Grocery,Staples,Kheti Fresh,S0118,1749,1446
P00572,Daal Mandi Green Tea 50 Bags,Grocery,Beverages,Daal Mandi,S0123,399,307
P00573,Kheti Fresh Basmati Rice 5kg,Grocery,Staples,Kheti Fresh,S0121,1099,916
P00574,Chai Point Tea 950g,Grocery,Beverages,Chai Point,S0126,899,732
P00575,Chai Point Atta 10kg,Grocery,Staples,Chai Point,S0123,799,639
P00576,Chai Point Tea 950g,Grocery,Beverages,Chai Point,S0122,899,672
P00577,Kheti Fresh Atta 10kg,grocery,Staples,Kheti Fresh,S0122,1849,1380
P00578,Chai Point Green Tea 50 Bags,Grocery,Beverages,Chai Point,S0125,949,808
P00579,Daal Mandi Tea 950g,Grocery,Beverages,Daal Mandi,S0123,1099,820
P00580,Chai Point Atta 10kg,Grocery,Staples,Chai Point,S0121,799,636
P00581,Kheti Fresh Atta 10kg,Grocery,Staples,Kheti Fresh,S0119,2299,1643
P00582,Kheti Fresh Green Tea 50 Bags,Grocery,Beverages,Kheti Fresh,S0122,299,254
P00583,Chai Point Basmati Rice 5kg,Grocery,Staples,Chai Point,S0120,1449,1123
P00584,Kheti Fresh Juice Pack,Grocery,Beverages,Kheti Fresh,S0121,449,385
P00585,Chai Point Basmati Rice 5kg,Grocery,Staples,Chai Point,S0121,449,345
P00586,Chai Point Atta 10kg,Grocery,Staples,Chai Point,S0126,2899,2476
P00587,Kheti Fresh Atta 10kg,Grocery,Staples,Kheti Fresh,S0116,3399,2521
P00588,Chai Point Juice Pack,Grocery,Beverages,Chai Point,S0117,999,845
P00589,Daal Mandi Juice Pack,Grocery,Beverages,Daal Mandi,S0124,499,365
P00590,Chai Point Basmati Rice 5kg,Grocery,Staples,Chai Point,S0118,2399,1824
P00591,Chai Point Tea 950g,Grocery,Beverages,Chai Point,S0125,1299,1078
P00592,Kheti Fresh Green Tea 50 Bags,Grocery,Beverages,Kheti Fresh,S0123,699,534
P00593,Kheti Fresh Cooking Oil 5L,Grocery,Staples,Kheti Fresh,S0120,1299,999
P00594,Chai Point Green Tea 50 Bags,Grocery,Beverages,Chai Point,S0119,1399,1027
P00595,Kheti Fresh Green Tea 50 Bags,Grocery,Beverages,Kheti Fresh,S0123,799,674
P00596,Chai Point Atta 10kg,Grocery,Staples,Chai Point,S0123,1499,1169
P00597,Kheti Fresh Cooking Oil 5L,Grocery,Staples,Kheti Fresh,S0119,899,644
P00598,Chai Point Basmati Rice 5kg,Grocery,Staples,Chai Point,S0117,649,474
P00599,Kheti Fresh Juice Pack,Grocery,Beverages,Kheti Fresh,S0128,449,336
P00600,Nanha Building Blocks,Baby & Toys,Toys,Nanha,S0136,1049,521
P00601,Nanha RC Car,Baby & Toys,Toys,Nanha,S0135,2299,1319
P00602,Nanha Diapers Jumbo Pack,Baby & Toys,Baby Care,Nanha,S0133,4499,2318
P00603,Nanha Diapers Jumbo Pack,Baby & Toys,Baby Care,Nanha,S0133,1099,576
P00604,Nanha Building Blocks,Baby & Toys,Toys,Nanha,S0134,6099,3387
P00605,Nanha Building Blocks,Baby & Toys,Toys,Nanha,S0137,2299,1194
P00606,Nanha Educational Puzzle,Baby & Toys,Toys,Nanha,S0133,1699,1018
P00607,Khilona Lab Baby Wipes Pack,Baby & Toys,Baby Care,Khilona Lab,S0134,2999,1653
P00608,Nanha Baby Wipes Pack,Baby & Toys,Baby Care,Nanha,S0131,2899,1560
P00609,Nanha RC Car,Baby & Toys,Toys,Nanha,S0134,5099,2772
P00610,Khilona Lab Educational Puzzle,Baby & Toys,Toys,Khilona Lab,S0135,1199,628
P00611,Nanha RC Car,Baby & Toys,Toys,Nanha,S0132,1549,929
P00612,Khilona Lab Baby Wipes Pack,Baby & Toys,Baby Care,Khilona Lab,S0133,2399,1412
P00613,Nanha Baby Wipes Pack,Baby & Toys,Baby Care,Nanha,S0130,5499,3307
P00614,Khilona Lab RC Car,Baby & Toys,Toys,Khilona Lab,S0133,1249,727
P00615,Nanha Educational Puzzle,Baby & Toys,Toys,Nanha,S0136,3699,1991
P00616,Khilona Lab Diapers Jumbo Pack,Baby and Toys,Baby Care,Khilona Lab,S0137,1849,998
P00617,Khilona Lab Diapers Jumbo Pack,Baby & Toys,Baby Care,Khilona Lab,S0130,2499,1339
P00618,Nanha Diapers Jumbo Pack,Baby & Toys,Baby Care,Nanha,S0130,3499,2087
P00619,Khilona Lab Diapers Jumbo Pack,Baby & Toys,Baby Care,Khilona Lab,S0131,2799,1417
P00620,Khilona Lab Building Blocks,Baby & Toys,Toys,Khilona Lab,S0133,4999,2652
P00621,Khilona Lab Feeding Bottle Set,Baby & Toys,Baby Care,Khilona Lab,S0132,2799,1476
P00622,Khilona Lab Building Blocks,Baby & Toys,Toys,Khilona Lab,S0133,2799,1415
P00623,Khilona Lab Educational Puzzle,Baby & Toys,Toys,Khilona Lab,S0134,3999,2121
P00624,Khilona Lab RC Car,Baby & Toys,Toys,Khilona Lab,S0134,4399,2307
P00625,Khilona Lab Building Blocks,Baby & Toys,Toys,Khilona Lab,S0137,5299,3177
P00626,Khilona Lab RC Car,Baby & Toys,Toys,Khilona Lab,S0133,5599,2865
P00627,Khilona Lab Feeding Bottle Set,Baby & Toys,Baby Care,Khilona Lab,S0134,2099,1208
P00628,Khilona Lab RC Car,Baby & Toys,Toys,Khilona Lab,S0131,2199,1093
P00629,Khilona Lab Feeding Bottle Set,Baby & Toys,Baby Care,Khilona Lab,S0136,4499,2420
P00630,Khilona Lab Baby Wipes Pack,Baby & Toys,Baby Care,Khilona Lab,S0130,849,444
P00631,Nanha Baby Wipes Pack,Baby & Toys,Baby Care,Nanha,S0136,3199,1671
P00632,Khilona Lab Baby Wipes Pack,Baby & Toys,Baby Care,Khilona Lab,S0133,1949,966
P00633,Khilona Lab Baby Wipes Pack,Baby & Toys,Baby Care,Khilona Lab,S0135,899,497
P00634,Nanha RC Car,Baby & Toys,Toys,Nanha,S0132,5299,2768
P00635,Nanha RC Car,Baby & Toys,Toys,Nanha,S0133,2099,1261
P00636,Khilona Lab Diapers Jumbo Pack,Baby & Toys,Baby Care,Khilona Lab,S0132,5899,3281
P00637,Khilona Lab Baby Wipes Pack,Baby & Toys,Baby Care,Khilona Lab,S0137,5799,3333
