return_id,order_item_id,order_id,return_reason,return_requested_date,refund_amount
RT000001,OI0000009,ORD0000005,Changed mind,2024-01-05,2549
RT000002,OI0000014,ORD0000009,Changed mind,2024-01-08,3484
RT000003,OI0000023,ORD0000015,Changed mind,2024-01-09,1149
RT000004,OI0000079,ORD0000055,Not as described,2024-01-09,1104
RT000005,OI0000011,ORD0000006,Size or fit issue,2024-01-11,4099
RT000006,OI0000071,ORD0000048,Size or fit issue,2024-01-11,4899
RT000007,OI0000189,ORD0000123,Not as described,2024-01-11,1189
RT000008,OI0000105,ORD0000071,Arrived too late,2024-01-12,1398
RT000009,OI0000122,ORD0000083,Size or fit issue,2024-01-12,1954
RT000010,OI0000148,ORD0000098,Not as described,2024-01-12,599
RT000011,OI0000158,ORD0000103,Arrived too late,2024-01-12,2399
RT000012,OI0000180,ORD0000117,Defective or damaged,2024-01-12,5779
RT000013,OI0000174,ORD0000114,Not as described,2024-01-13,4499
RT000014,OI0000106,ORD0000072,Defective or damaged,2024-01-14,2039
RT000015,OI0000083,ORD0000058,Defective or damaged,2024-01-15,1799
RT000016,OI0000246,ORD0000161,Size or fit issue,2024-01-15,1049
RT000017,OI0000253,ORD0000167,Not as described,2024-01-15,2399
RT000018,OI0000255,ORD0000169,Not as described,2024-01-15,3399
RT000019,OI0000278,ORD0000183,Changed mind,2024-01-16,2799
RT000020,OI0000225,ORD0000147,Size or fit issue,2024-01-17,4099
RT000021,OI0000303,ORD0000200,Size or fit issue,2024-01-17,3144
RT000022,OI0000305,ORD0000201,Changed mind,2024-01-17,26349
RT000023,OI0000257,ORD0000170,Size or fit issue,2024-01-18,2199
RT000024,OI0000223,ORD0000147,Not as described,2024-01-19,2799
RT000025,OI0000282,ORD0000185,Changed mind,2024-01-19,4079
RT000026,OI0000427,ORD0000278,Size or fit issue,2024-01-19,3599
RT000027,OI0000457,ORD0000299,Arrived too late,2024-01-19,1149
RT000028,OI0000317,ORD0000210,Size or fit issue,2024-01-20,5499
RT000029,OI0000525,ORD0000340,Size or fit issue,2024-01-21,6799
RT000030,OI0000316,ORD0000210,Not as described,2024-01-22,80999
RT000031,OI0000493,ORD0000323,Not as described,2024-01-22,2499
RT000032,OI0000357,ORD0000232,Changed mind,2024-01-23,1999
RT000033,OI0000397,ORD0000255,Size or fit issue,2024-01-23,3484
RT000034,OI0000452,ORD0000296,Changed mind,2024-01-23,799
RT000035,OI0000460,ORD0000302,Arrived too late,2024-01-23,3899
RT000036,OI0000465,ORD0000306,Size or fit issue,2024-01-24,3699
RT000037,OI0000616,ORD0000399,Size or fit issue,2024-01-24,4199
RT000038,OI0000539,ORD0000348,Not as described,2024-01-25,4899
RT000039,OI0000562,ORD0000367,Changed mind,2024-01-25,1299
RT000040,OI0000575,ORD0000375,Defective or damaged,2024-01-25,3999
RT000041,OI0000644,ORD0000421,Not as described,2024-01-25,28299
RT000042,OI0000666,ORD0000436,Not as described,2024-01-26,6099
RT000043,OI0000478,ORD0000316,Defective or damaged,2024-01-27,2399
RT000044,OI0000503,ORD0000328,Size or fit issue,2024-01-29,2399
RT000045,OI0000791,ORD0000515,Not as described,2024-01-29,2999
RT000046,OI0000793,ORD0000516,Defective or damaged,2024-01-30,2999
RT000047,OI0000601,ORD0000390,Changed mind,2024-01-31,1049
RT000048,OI0000755,ORD0000497,Not as described,2024-01-31,4499
RT000049,OI0000860,ORD0000558,Defective or damaged,2024-01-31,3299
RT000050,OI0000871,ORD0000565,Changed mind,2024-01-31,3399
RT000051,OI0000684,ORD0000447,Defective or damaged,2024-02-01,2599
RT000052,OI0000712,ORD0000466,Defective or damaged,2024-02-01,7819
RT000053,OI0000764,ORD0000502,Size or fit issue,2024-02-02,949
RT000054,OI0000844,ORD0000549,Size or fit issue,2024-02-02,3314
RT000055,OI0000854,ORD0000554,Not as described,2024-02-02,6799
RT000056,OI0000925,ORD0000607,Defective or damaged,2024-02-02,2699
RT000057,OI0000889,ORD0000581,Not as described,2024-02-03,1249
RT000058,OI0000809,ORD0000525,Size or fit issue,2024-02-04,3799
RT000059,OI0000901,ORD0000591,Changed mind,2024-02-05,5399
RT000060,OI0000947,ORD0000625,Defective or damaged,2024-02-05,1299
RT000061,OI0000869,ORD0000564,Changed mind,2024-02-06,101064
RT000062,OI0000986,ORD0000650,Not as described,2024-02-06,2399
RT000063,OI0001150,ORD0000754,Size or fit issue,2024-02-06,2799
RT000064,OI0001157,ORD0000758,Size or fit issue,2024-02-06,1699
RT000065,OI0000982,ORD0000647,Not as described,2024-02-07,3484
RT000066,OI0001003,ORD0000660,Arrived too late,2024-02-07,4899
RT000067,OI0001033,ORD0000679,Changed mind,2024-02-07,40799
RT000068,OI0001067,ORD0000697,Changed mind,2024-02-07,1104
RT000069,OI0001089,ORD0000711,Not as described,2024-02-07,4099
RT000070,OI0001034,ORD0000680,Defective or damaged,2024-02-08,8899
RT000071,OI0001045,ORD0000686,Changed mind,2024-02-08,1249
RT000072,OI0001051,ORD0000688,Size or fit issue,2024-02-08,8299
RT000073,OI0001087,ORD0000710,Changed mind,2024-02-08,2039
RT000074,OI0001124,ORD0000737,Arrived too late,2024-02-08,7998
RT000075,OI0001134,ORD0000744,Size or fit issue,2024-02-08,4599
RT000076,OI0001202,ORD0000790,Size or fit issue,2024-02-08,4499
RT000077,OI0001214,ORD0000801,Defective or damaged,2024-02-08,1499
RT000078,OI0001231,ORD0000810,Defective or damaged,2024-02-08,1299
RT000079,OI0001204,ORD0000792,Arrived too late,2024-02-09,898
RT000080,OI0001230,ORD0000809,Size or fit issue,2024-02-10,2499
RT000081,OI0001250,ORD0000821,Defective or damaged,2024-02-10,80999
RT000082,OI0001164,ORD0000761,Arrived too late,2024-02-11,4099
RT000083,OI0001243,ORD0000818,Not as described,2024-02-11,2634
RT000084,OI0001281,ORD0000844,Defective or damaged,2024-02-11,1104
RT000085,OI0001284,ORD0000844,Arrived too late,2024-02-11,4419
RT000086,OI0001311,ORD0000866,Size or fit issue,2024-02-11,3699
RT000087,OI0001344,ORD0000884,Changed mind,2024-02-11,3999
RT000088,OI0001363,ORD0000900,Arrived too late,2024-02-11,1649
RT000089,OI0001112,ORD0000731,Not as described,2024-02-12,3699
RT000090,OI0001373,ORD0000904,Defective or damaged,2024-02-12,799
RT000091,OI0001177,ORD0000770,Not as described,2024-02-13,4099
RT000092,OI0001304,ORD0000860,Defective or damaged,2024-02-13,1349
RT000093,OI0001314,ORD0000867,Not as described,2024-02-13,7999
RT000094,OI0001379,ORD0000909,Changed mind,2024-02-13,6799
RT000095,OI0001260,ORD0000830,Not as described,2024-02-14,1869
RT000096,OI0001295,ORD0000853,Not as described,2024-02-14,1299
RT000097,OI0001275,ORD0000839,Changed mind,2024-02-15,2124
RT000098,OI0001332,ORD0000878,Not as described,2024-02-15,399
RT000099,OI0001356,ORD0000893,Changed mind,2024-02-15,3499
RT000100,OI0001357,ORD0000894,Size or fit issue,2024-02-15,3484
RT000101,OI0001436,ORD0000946,Changed mind,2024-02-15,1949
RT000102,OI0001489,ORD0000976,Not as described,2024-02-15,4499
RT000103,OI0001510,ORD0000991,Size or fit issue,2024-02-15,1599
RT000104,OI0001547,ORD0001013,Not as described,2024-02-15,1614
RT000105,OI0001290,ORD0000848,Defective or damaged,2024-02-16,9199
RT000106,OI0001350,ORD0000887,Defective or damaged,2024-02-16,1149
RT000107,OI0001498,ORD0000982,Not as described,2024-02-16,892
RT000108,OI0001406,ORD0000927,Defective or damaged,2024-02-17,4419
RT000109,OI0001449,ORD0000955,Defective or damaged,2024-02-18,2099
RT000110,OI0001515,ORD0000996,Arrived too late,2024-02-18,1299
RT000111,OI0001562,ORD0001021,Changed mind,2024-02-18,5184
RT000112,OI0001621,ORD0001060,Not as described,2024-02-19,2999
RT000113,OI0001490,ORD0000976,Not as described,2024-02-20,3299
RT000114,OI0001672,ORD0001091,Arrived too late,2024-02-20,1549
RT000115,OI0001527,ORD0001003,Changed mind,2024-02-21,807
RT000116,OI0001590,ORD0001042,Not as described,2024-02-21,2599
RT000117,OI0001680,ORD0001096,Size or fit issue,2024-02-21,2299
RT000118,OI0001699,ORD0001107,Defective or damaged,2024-02-21,1899
RT000119,OI0001629,ORD0001066,Changed mind,2024-02-22,9264
RT000120,OI0001684,ORD0001098,Size or fit issue,2024-02-22,3699
RT000121,OI0001765,ORD0001151,Changed mind,2024-02-22,3699
RT000122,OI0001849,ORD0001208,Not as described,2024-02-23,3899
RT000123,OI0001911,ORD0001245,Defective or damaged,2024-02-23,1799
RT000124,OI0001767,ORD0001153,Size or fit issue,2024-02-24,4499
RT000125,OI0001963,ORD0001277,Changed mind,2024-02-24,2199
RT000126,OI0001801,ORD0001179,Size or fit issue,2024-02-25,2199
RT000127,OI0001764,ORD0001151,Defective or damaged,2024-02-26,1299
RT000128,OI0001815,ORD0001188,Arrived too late,2024-02-26,8699
RT000129,OI0001876,ORD0001224,Size or fit issue,2024-02-26,2039
RT000130,OI0002073,ORD0001349,Arrived too late,2024-02-26,4599
RT000131,OI0002098,ORD0001367,Not as described,2024-02-26,1649
RT000132,OI0001948,ORD0001268,Not as described,2024-02-27,4099
RT000133,OI0002021,ORD0001317,Size or fit issue,2024-02-27,4899
RT000134,OI0002070,ORD0001347,Not as described,2024-02-27,1049
RT000135,OI0002111,ORD0001374,Size or fit issue,2024-02-27,4999
RT000136,OI0001681,ORD0001097,Defective or damaged,2024-02-28,4099
RT000137,OI0001922,ORD0001251,Changed mind,2024-02-28,1749
RT000138,OI0001949,ORD0001268,Size or fit issue,2024-02-28,899
RT000139,OI0001976,ORD0001287,Not as described,2024-02-28,3099
RT000140,OI0002169,ORD0001411,Defective or damaged,2024-02-28,382
RT000141,OI0002141,ORD0001394,Not as described,2024-02-29,3499
RT000142,OI0001992,ORD0001297,Arrived too late,2024-03-01,949
RT000143,OI0002133,ORD0001389,Changed mind,2024-03-01,11099
RT000144,OI0002179,ORD0001419,Defective or damaged,2024-03-01,1299
RT000145,OI0002294,ORD0001481,Changed mind,2024-03-01,3314
RT000146,OI0002100,ORD0001369,Changed mind,2024-03-02,1699
RT000147,OI0002212,ORD0001437,Size or fit issue,2024-03-02,2799
RT000148,OI0002138,ORD0001392,Changed mind,2024-03-04,1949
RT000149,OI0002221,ORD0001442,Not as described,2024-03-04,849
RT000150,OI0002259,ORD0001459,Defective or damaged,2024-03-04,2199
RT000151,OI0002304,ORD0001489,Not as described,2024-03-04,1949
RT000152,OI0002315,ORD0001495,Not as described,2024-03-04,1299
RT000153,OI0002365,ORD0001530,Changed mind,2024-03-04,2399
RT000154,OI0002135,ORD0001390,Size or fit issue,2024-03-05,3699
RT000155,OI0002249,ORD0001455,Changed mind,2024-03-05,552
RT000156,OI0002342,ORD0001513,Not as described,2024-03-05,2999
RT000157,OI0002406,ORD0001557,Changed mind,2024-03-05,5199
RT000158,OI0002303,ORD0001488,Arrived too late,2024-03-06,1699
RT000159,OI0002328,ORD0001504,Defective or damaged,2024-03-06,4499
RT000160,OI0002454,ORD0001590,Defective or damaged,2024-03-06,449
RT000161,OI0002364,ORD0001530,Size or fit issue,2024-03-07,3799
RT000162,OI0002468,ORD0001598,Arrived too late,2024-03-07,4249
RT000163,OI0002475,ORD0001602,Defective or damaged,2024-03-07,1299
RT000164,OI0002385,ORD0001542,Arrived too late,2024-03-08,3699
RT000165,OI0002470,ORD0001599,Size or fit issue,2024-03-08,5499
RT000166,OI0002450,ORD0001586,Arrived too late,2024-03-09,2399
RT000167,OI0002514,ORD0001625,Changed mind,2024-03-09,1249
RT000168,OI0002432,ORD0001572,Not as described,2024-03-10,892
RT000169,OI0002768,ORD0001776,Defective or damaged,2024-03-10,2199
RT000170,OI0002810,ORD0001801,Defective or damaged,2024-03-10,3299
RT000171,OI0002714,ORD0001739,Changed mind,2024-03-11,3999
RT000172,OI0002718,ORD0001742,Size or fit issue,2024-03-11,5999
RT000173,OI0002780,ORD0001783,Size or fit issue,2024-03-11,2199
RT000174,OI0002575,ORD0001658,Changed mind,2024-03-12,892
RT000175,OI0002785,ORD0001786,Changed mind,2024-03-12,1849
RT000176,OI0002820,ORD0001807,Not as described,2024-03-12,6799
RT000177,OI0002746,ORD0001762,Not as described,2024-03-14,849
RT000178,OI0002767,ORD0001776,Size or fit issue,2024-03-14,4899
RT000179,OI0002892,ORD0001851,Size or fit issue,2024-03-14,2099
RT000180,OI0002967,ORD0001893,Size or fit issue,2024-03-14,4899
RT000181,OI0002657,ORD0001707,Defective or damaged,2024-03-15,1399
RT000182,OI0002778,ORD0001782,Not as described,2024-03-15,6398
RT000183,OI0002836,ORD0001815,Arrived too late,2024-03-15,1869
RT000184,OI0002870,ORD0001837,Not as described,2024-03-15,8699
RT000185,OI0002791,ORD0001790,Not as described,2024-03-16,2299
RT000186,OI0002837,ORD0001816,Size or fit issue,2024-03-16,2599
RT000187,OI0002878,ORD0001843,Arrived too late,2024-03-16,5499
RT000188,OI0002913,ORD0001864,Size or fit issue,2024-03-16,4999
RT000189,OI0002974,ORD0001899,Defective or damaged,2024-03-16,2499
RT000190,OI0003046,ORD0001946,Size or fit issue,2024-03-16,4099
RT000191,OI0002805,ORD0001798,Changed mind,2024-03-17,9199
RT000192,OI0002839,ORD0001816,Arrived too late,2024-03-17,3899
RT000193,OI0002988,ORD0001908,Not as described,2024-03-17,1869
RT000194,OI0003002,ORD0001916,Size or fit issue,2024-03-17,6699
RT000195,OI0003079,ORD0001967,Arrived too late,2024-03-17,3499
RT000196,OI0002792,ORD0001791,Size or fit issue,2024-03-18,5399
RT000197,OI0002973,ORD0001898,Changed mind,2024-03-18,3569
RT000198,OI0003081,ORD0001969,Changed mind,2024-03-19,6499
RT000199,OI0002902,ORD0001859,Size or fit issue,2024-03-20,5499
RT000200,OI0002956,ORD0001887,Changed mind,2024-03-20,849
RT000201,OI0003015,ORD0001925,Size or fit issue,2024-03-20,4099
RT000202,OI0003048,ORD0001947,Defective or damaged,2024-03-20,2039
RT000203,OI0003073,ORD0001962,Changed mind,2024-03-20,4799
RT000204,OI0003219,ORD0002059,Arrived too late,2024-03-20,1299
RT000205,OI0002923,ORD0001869,Arrived too late,2024-03-21,2799
RT000206,OI0003040,ORD0001943,Not as described,2024-03-21,6799
RT000207,OI0003206,ORD0002050,Size or fit issue,2024-03-21,4099
RT000208,OI0003159,ORD0002018,Changed mind,2024-03-22,3899
RT000209,OI0003180,ORD0002032,Size or fit issue,2024-03-22,3399
RT000210,OI0003409,ORD0002176,Changed mind,2024-03-23,4099
RT000211,OI0003274,ORD0002094,Not as described,2024-03-24,1259
RT000212,OI0003367,ORD0002145,Not as described,2024-03-24,1298
RT000213,OI0003383,ORD0002156,Not as described,2024-03-24,2699
RT000214,OI0003447,ORD0002199,Size or fit issue,2024-03-24,3199
RT000215,OI0003469,ORD0002213,Size or fit issue,2024-03-24,3999
RT000216,OI0003348,ORD0002134,Size or fit issue,2024-03-25,2499
RT000217,OI0003358,ORD0002139,Not as described,2024-03-25,1799
RT000218,OI0003457,ORD0002205,Not as described,2024-03-25,949
RT000219,OI0003340,ORD0002129,Not as described,2024-03-26,4899
RT000220,OI0003345,ORD0002132,Arrived too late,2024-03-26,12154
RT000221,OI0003455,ORD0002204,Arrived too late,2024-03-26,3909
RT000222,OI0003615,ORD0002313,Size or fit issue,2024-03-27,4164
RT000223,OI0003638,ORD0002324,Size or fit issue,2024-03-27,1189
RT000224,OI0003593,ORD0002303,Defective or damaged,2024-03-28,6199
RT000225,OI0003637,ORD0002324,Changed mind,2024-03-28,3144
RT000226,OI0003504,ORD0002238,Size or fit issue,2024-03-29,4099
RT000227,OI0003663,ORD0002343,Size or fit issue,2024-03-29,4999
RT000228,OI0003703,ORD0002372,Size or fit issue,2024-03-29,5999
RT000229,OI0003710,ORD0002377,Changed mind,2024-03-30,999
RT000230,OI0003509,ORD0002242,Changed mind,2024-03-31,5399
RT000231,OI0003519,ORD0002250,Arrived too late,2024-03-31,4049
RT000232,OI0003682,ORD0002357,Size or fit issue,2024-03-31,2899
RT000233,OI0003773,ORD0002421,Changed mind,2024-03-31,1018
RT000234,OI0003642,ORD0002327,Defective or damaged,2024-04-01,4799
RT000235,OI0003666,ORD0002344,Defective or damaged,2024-04-01,30999
RT000236,OI0003678,ORD0002354,Arrived too late,2024-04-01,3329
RT000237,OI0003798,ORD0002437,Size or fit issue,2024-04-01,4049
RT000238,OI0003518,ORD0002250,Size or fit issue,2024-04-02,2249
RT000239,OI0003747,ORD0002404,Arrived too late,2024-04-02,4099
RT000240,OI0003693,ORD0002365,Size or fit issue,2024-04-04,4999
RT000241,OI0003935,ORD0002521,Defective or damaged,2024-04-05,1899
RT000242,OI0004153,ORD0002657,Defective or damaged,2024-04-05,8279
RT000243,OI0004165,ORD0002664,Changed mind,2024-04-05,4099
RT000244,OI0004202,ORD0002688,Not as described,2024-04-05,4099
RT000245,OI0003742,ORD0002401,Changed mind,2024-04-06,4099
RT000246,OI0003804,ORD0002443,Defective or damaged,2024-04-06,549
RT000247,OI0003818,ORD0002454,Arrived too late,2024-04-06,2804
RT000248,OI0003932,ORD0002519,Arrived too late,2024-04-06,3899
RT000249,OI0004094,ORD0002619,Size or fit issue,2024-04-06,4229
RT000250,OI0004102,ORD0002623,Not as described,2024-04-06,1149
RT000251,OI0003845,ORD0002472,Not as described,2024-04-07,2399
RT000252,OI0004279,ORD0002727,Not as described,2024-04-07,1749
RT000253,OI0004310,ORD0002747,Not as described,2024-04-07,4164
RT000254,OI0003983,ORD0002548,Size or fit issue,2024-04-08,4409
RT000255,OI0004084,ORD0002613,Not as described,2024-04-08,977
RT000256,OI0004170,ORD0002668,Not as described,2024-04-08,2599
RT000257,OI0004221,ORD0002699,Changed mind,2024-04-08,649
RT000258,OI0004269,ORD0002721,Size or fit issue,2024-04-08,4499
RT000259,OI0003895,ORD0002500,Defective or damaged,2024-04-09,977
RT000260,OI0003909,ORD0002508,Defective or damaged,2024-04-09,7829
RT000261,OI0004040,ORD0002581,Size or fit issue,2024-04-09,3699
RT000262,OI0004095,ORD0002619,Size or fit issue,2024-04-09,3689
RT000263,OI0004101,ORD0002622,Arrived too late,2024-04-09,2209
RT000264,OI0004256,ORD0002715,Changed mind,2024-04-09,854
RT000265,OI0004303,ORD0002744,Not as described,2024-04-09,5779
RT000266,OI0004315,ORD0002750,Defective or damaged,2024-04-09,37499
RT000267,OI0004423,ORD0002812,Size or fit issue,2024-04-09,2999
RT000268,OI0003854,ORD0002477,Changed mind,2024-04-10,4999
RT000269,OI0004119,ORD0002637,Not as described,2024-04-10,4099
RT000270,OI0004320,ORD0002755,Changed mind,2024-04-10,2069
RT000271,OI0004337,ORD0002764,Size or fit issue,2024-04-10,3229
RT000272,OI0004452,ORD0002831,Arrived too late,2024-04-10,4899
RT000273,OI0004481,ORD0002847,Changed mind,2024-04-10,4164
RT000274,OI0004506,ORD0002860,Arrived too late,2024-04-10,1249
RT000275,OI0003970,ORD0002543,Changed mind,2024-04-11,799
RT000276,OI0004149,ORD0002655,Arrived too late,2024-04-11,3484
RT000277,OI0004248,ORD0002712,Changed mind,2024-04-11,2974
RT000278,OI0004300,ORD0002742,Size or fit issue,2024-04-11,4999
RT000279,OI0004304,ORD0002744,Size or fit issue,2024-04-11,3229
RT000280,OI0004460,ORD0002836,Not as described,2024-04-11,6799
RT000281,OI0004486,ORD0002851,Size or fit issue,2024-04-11,5489
RT000282,OI0004533,ORD0002872,Size or fit issue,2024-04-11,5849
RT000283,OI0004548,ORD0002883,Size or fit issue,2024-04-11,1399
RT000284,OI0004549,ORD0002884,Defective or damaged,2024-04-11,3509
RT000285,OI0004319,ORD0002754,Changed mind,2024-04-12,1657
RT000286,OI0004199,ORD0002685,Size or fit issue,2024-04-13,2099
RT000287,OI0004350,ORD0002771,Arrived too late,2024-04-13,2199
RT000288,OI0004432,ORD0002818,Not as described,2024-04-13,2399
RT000289,OI0004457,ORD0002834,Not as described,2024-04-13,5199
RT000290,OI0004653,ORD0002943,Arrived too late,2024-04-13,3484
RT000291,OI0004387,ORD0002794,Arrived too late,2024-04-14,6399
RT000292,OI0004441,ORD0002824,Arrived too late,2024-04-14,3484
RT000293,OI0004448,ORD0002827,Changed mind,2024-04-14,4099
RT000294,OI0004522,ORD0002868,Arrived too late,2024-04-14,5599
RT000295,OI0004619,ORD0002921,Size or fit issue,2024-04-14,2609
RT000296,OI0004662,ORD0002951,Size or fit issue,2024-04-14,2399
RT000297,OI0004765,ORD0003015,Size or fit issue,2024-04-14,2199
RT000298,OI0004766,ORD0003015,Not as described,2024-04-14,1149
RT000299,OI0004829,ORD0003049,Arrived too late,2024-04-14,4099
RT000300,OI0004920,ORD0003106,Defective or damaged,2024-04-14,1299
RT000301,OI0004421,ORD0002811,Arrived too late,2024-04-15,1274
RT000302,OI0004531,ORD0002872,Size or fit issue,2024-04-15,2159
RT000303,OI0004534,ORD0002873,Not as described,2024-04-15,5779
RT000304,OI0004552,ORD0002884,Arrived too late,2024-04-15,2069
RT000305,OI0004602,ORD0002911,Size or fit issue,2024-04-15,4099
RT000306,OI0004771,ORD0003017,Arrived too late,2024-04-15,4679
RT000307,OI0004816,ORD0003042,Size or fit issue,2024-04-15,4409
RT000308,OI0004966,ORD0003134,Changed mind,2024-04-15,3999
RT000309,OI0004377,ORD0002788,Size or fit issue,2024-04-16,3484
RT000310,OI0004787,ORD0003025,Not as described,2024-04-16,2719
RT000311,OI0004796,ORD0003030,Changed mind,2024-04-16,1784
RT000312,OI0004823,ORD0003045,Defective or damaged,2024-04-16,382
RT000313,OI0004831,ORD0003051,Changed mind,2024-04-16,1149
RT000314,OI0004865,ORD0003073,Changed mind,2024-04-16,3689
RT000315,OI0004722,ORD0002990,Changed mind,2024-04-17,1249
RT000316,OI0004759,ORD0003011,Size or fit issue,2024-04-17,4164
RT000317,OI0004797,ORD0003031,Defective or damaged,2024-04-17,1189
RT000318,OI0004801,ORD0003033,Size or fit issue,2024-04-17,2464
RT000319,OI0004844,ORD0003059,Size or fit issue,2024-04-17,2299
RT000320,OI0004871,ORD0003078,Arrived too late,2024-04-17,1784
RT000321,OI0004925,ORD0003109,Size or fit issue,2024-04-17,949
RT000322,OI0004938,ORD0003118,Not as described,2024-04-17,934
RT000323,OI0004649,ORD0002941,Size or fit issue,2024-04-18,4899
RT000324,OI0004651,ORD0002942,Size or fit issue,2024-04-18,3499
RT000325,OI0004781,ORD0003022,Not as described,2024-04-18,1149
RT000326,OI0004947,ORD0003122,Arrived too late,2024-04-18,40799
RT000327,OI0005141,ORD0003237,Not as described,2024-04-18,1599
RT000328,OI0005155,ORD0003245,Size or fit issue,2024-04-18,2199
RT000329,OI0004711,ORD0002985,Size or fit issue,2024-04-19,4099
RT000330,OI0004779,ORD0003021,Changed mind,2024-04-19,4899
RT000331,OI0004842,ORD0003059,Size or fit issue,2024-04-19,3699
RT000332,OI0004850,ORD0003065,Defective or damaged,2024-04-19,1299
RT000333,OI0004873,ORD0003078,Size or fit issue,2024-04-19,2294
RT000334,OI0004897,ORD0003092,Arrived too late,2024-04-19,3149
RT000335,OI0005030,ORD0003173,Defective or damaged,2024-04-19,3654
RT000336,OI0005114,ORD0003221,Arrived too late,2024-04-19,1549
RT000337,OI0005237,ORD0003288,Arrived too late,2024-04-19,549
RT000338,OI0004660,ORD0002949,Defective or damaged,2024-04-20,3399
RT000339,OI8540756,ORD0003006,Size or fit issue,2024-04-20,1439
RT000340,OI0004748,ORD0003006,Not as described,2024-04-20,1349
RT000341,OI0004880,ORD0003083,Size or fit issue,2024-04-20,6099
RT000342,OI0004964,ORD0003132,Arrived too late,2024-04-20,799
RT000343,OI0005011,ORD0003161,Arrived too late,2024-04-20,6799
RT000344,OI0005053,ORD0003188,Arrived too late,2024-04-20,3299
RT000345,OI0005149,ORD0003242,Changed mind,2024-04-20,3799
RT000346,OI0005194,ORD0003266,Arrived too late,2024-04-20,3229
RT000347,OI0005323,ORD0003347,Not as described,2024-04-20,2209
RT000348,OI0004654,ORD0002944,Size or fit issue,2024-04-21,4899
RT000349,OI0004943,ORD0003121,Changed mind,2024-04-21,2399
RT000350,OI0005075,ORD0003199,Size or fit issue,2024-04-21,2599
RT000351,OI0005127,ORD0003229,Not as described,2024-04-21,1049
RT000352,OI0005152,ORD0003243,Arrived too late,2024-04-21,15214
RT000353,OI0005164,ORD0003249,Arrived too late,2024-04-21,3699
RT000354,OI0005241,ORD0003291,Changed mind,2024-04-21,3999
RT000355,OI0005270,ORD0003312,Size or fit issue,2024-04-21,3699
RT000356,OI0005402,ORD0003397,Not as described,2024-04-21,3999
RT000357,OI0005077,ORD0003200,Not as described,2024-04-22,2099
RT000358,OI0005159,ORD0003246,Defective or damaged,2024-04-22,9199
RT000359,OI0005165,ORD0003249,Arrived too late,2024-04-22,4099
RT000360,OI0005145,ORD0003239,Arrived too late,2024-04-23,3499
RT000361,OI0005364,ORD0003373,Changed mind,2024-04-23,71994
RT000362,OI0005379,ORD0003381,Changed mind,2024-04-23,9399
RT000363,OI0005388,ORD0003387,Changed mind,2024-04-23,4099
RT000364,OI0005401,ORD0003396,Defective or damaged,2024-04-23,1299
RT000365,OI0005529,ORD0003478,Size or fit issue,2024-04-23,2299
RT000366,OI0005014,ORD0003163,Not as described,2024-04-24,5779
RT000367,OI0005126,ORD0003228,Arrived too late,2024-04-24,3484
RT000368,OI0005128,ORD0003229,Arrived too late,2024-04-24,1249
RT000369,OI0005156,ORD0003245,Size or fit issue,2024-04-24,4099
RT000370,OI0005363,ORD0003372,Changed mind,2024-04-24,8699
RT000371,OI0005577,ORD0003506,Not as described,2024-04-24,2599
RT000372,OI0005674,ORD0003572,Defective or damaged,2024-04-24,1019
RT000373,OI0005028,ORD0003171,Arrived too late,2024-04-25,2999
RT000374,OI0005548,ORD0003490,Not as described,2024-04-25,949
RT000375,OI0005403,ORD0003398,Changed mind,2024-04-26,1549
RT000376,OI0005520,ORD0003473,Size or fit issue,2024-04-26,4099
RT000377,OI0005612,ORD0003529,Size or fit issue,2024-04-26,4899
RT000378,OI0005635,ORD0003546,Changed mind,2024-04-26,3314
RT000379,OI0005729,ORD0003608,Defective or damaged,2024-04-26,1049
RT000380,OI0005747,ORD0003620,Arrived too late,2024-04-26,3484
RT000381,OI0005538,ORD0003483,Not as described,2024-04-27,1999
RT000382,OI0005647,ORD0003554,Size or fit issue,2024-04-27,4164
RT000383,OI0005714,ORD0003596,Size or fit issue,2024-04-27,3299
RT000384,OI0005883,ORD0003703,Size or fit issue,2024-04-27,3699
RT000385,OI0005458,ORD0003435,Not as described,2024-04-28,3999
RT000386,OI0005525,ORD0003476,Changed mind,2024-04-28,1349
RT000387,OI0005540,ORD0003484,Changed mind,2024-04-28,4099
RT000388,OI0005595,ORD0003519,Size or fit issue,2024-04-28,4999
RT000389,OI0005745,ORD0003619,Not as described,2024-04-28,2599
RT000390,OI0005628,ORD0003540,Size or fit issue,2024-04-29,1359
RT000391,OI0005668,ORD0003569,Defective or damaged,2024-04-29,5099
RT000392,OI0005756,ORD0003627,Changed mind,2024-04-29,1149
RT000393,OI0005832,ORD0003678,Size or fit issue,2024-04-29,1784
RT000394,OI0005804,ORD0003656,Not as described,2024-04-30,6899
RT000395,OI0005934,ORD0003728,Arrived too late,2024-04-30,1149
RT000396,OI0005987,ORD0003760,Size or fit issue,2024-04-30,2399
RT000397,OI0006011,ORD0003774,Defective or damaged,2024-04-30,3099
RT000398,OI0006102,ORD0003834,Size or fit issue,2024-04-30,1399
RT000399,OI0005687,ORD0003580,Defective or damaged,2024-05-01,2399
RT000400,OI0005786,ORD0003644,Defective or damaged,2024-05-01,8799
RT000401,OI0006019,ORD0003779,Changed mind,2024-05-01,1249
RT000402,OI0006160,ORD0003869,Not as described,2024-05-01,8074
RT000403,OI0005923,ORD0003722,Changed mind,2024-05-02,5399
RT000404,OI0006057,ORD0003806,Size or fit issue,2024-05-02,4899
RT000405,OI0006116,ORD0003842,Not as described,2024-05-02,110399
RT000406,OI0006000,ORD0003767,Not as described,2024-05-03,2599
RT000407,OI0006100,ORD0003833,Not as described,2024-05-03,4499
RT000408,OI0006042,ORD0003794,Changed mind,2024-05-04,4299
RT000409,OI0006070,ORD0003816,Not as described,2024-05-04,1869
RT000410,OI0006107,ORD0003836,Size or fit issue,2024-05-04,4099
RT000411,OI0006201,ORD0003892,Not as described,2024-05-04,4499
RT000412,OI0006341,ORD0003983,Arrived too late,2024-05-05,4899
RT000413,OI0005983,ORD0003758,Size or fit issue,2024-05-06,2499
RT000414,OI0006091,ORD0003826,Not as described,2024-05-06,4099
RT000415,OI0006259,ORD0003930,Not as described,2024-05-06,1299
RT000416,OI0006289,ORD0003950,Defective or damaged,2024-05-06,699
RT000417,OI0006210,ORD0003896,Changed mind,2024-05-07,1274
RT000418,OI0006363,ORD0004000,Arrived too late,2024-05-07,1402
RT000419,OI0006403,ORD0004027,Changed mind,2024-05-07,949
RT000420,OI0006173,ORD0003876,Size or fit issue,2024-05-08,6699
RT000421,OI0006409,ORD0004030,Defective or damaged,2024-05-08,34499
RT000422,OI0006497,ORD0004090,Defective or damaged,2024-05-08,1299
RT000423,OI0006332,ORD0003977,Size or fit issue,2024-05-09,4899
RT000424,OI0006348,ORD0003990,Size or fit issue,2024-05-09,3484
RT000425,OI0006504,ORD0004092,Changed mind,2024-05-09,799
RT000426,OI0006512,ORD0004096,Arrived too late,2024-05-09,3299
RT000427,OI0006530,ORD0004105,Arrived too late,2024-05-09,6099
RT000428,OI0006053,ORD0003802,Defective or damaged,2024-05-10,2464
RT000429,OI0006426,ORD0004043,Defective or damaged,2024-05-10,8899
RT000430,OI0006429,ORD0004045,Defective or damaged,2024-05-10,1549
RT000431,OI0006439,ORD0004052,Defective or damaged,2024-05-10,3699
RT000432,OI0006463,ORD0004066,Defective or damaged,2024-05-10,3899
RT000433,OI0006531,ORD0004105,Arrived too late,2024-05-10,4099
RT000434,OI0006292,ORD0003953,Changed mind,2024-05-11,86399
RT000435,OI0006459,ORD0004064,Size or fit issue,2024-05-11,4999
RT000436,OI0006464,ORD0004067,Changed mind,2024-05-11,11099
RT000437,OI0006577,ORD0004134,Not as described,2024-05-11,1999
RT000438,OI0006586,ORD0004142,Defective or damaged,2024-05-11,1104
RT000439,OI0006590,ORD0004144,Size or fit issue,2024-05-11,3824
RT000440,OI0006621,ORD0004164,Size or fit issue,2024-05-11,4899
RT000441,OI0006773,ORD0004264,Not as described,2024-05-11,1299
RT000442,OI0006481,ORD0004078,Defective or damaged,2024-05-12,3909
RT000443,OI0006589,ORD0004143,Size or fit issue,2024-05-12,2799
RT000444,OI0006705,ORD0004216,Defective or damaged,2024-05-12,3899
RT000445,OI0006728,ORD0004232,Size or fit issue,2024-05-12,1799
RT000446,OI0006733,ORD0004234,Changed mind,2024-05-12,3699
RT000447,OI0006517,ORD0004098,Not as described,2024-05-13,2799
RT000448,OI0006578,ORD0004134,Arrived too late,2024-05-13,8299
RT000449,OI0006611,ORD0004157,Arrived too late,2024-05-13,10899
RT000450,OI0006434,ORD0004048,Size or fit issue,2024-05-14,1869
RT000451,OI0006543,ORD0004114,Changed mind,2024-05-14,2974
RT000452,OI0006662,ORD0004188,Defective or damaged,2024-05-14,3599
RT000453,OI0006757,ORD0004251,Not as described,2024-05-14,6199
RT000454,OI0006604,ORD0004154,Not as described,2024-05-15,1299
RT000455,OI0006758,ORD0004252,Not as described,2024-05-15,3299
RT000456,OI0006776,ORD0004265,Size or fit issue,2024-05-15,2399
RT000457,OI0006846,ORD0004307,Not as described,2024-05-15,999
RT000458,OI0006869,ORD0004321,Arrived too late,2024-05-15,1299
RT000459,OI0006979,ORD0004392,Arrived too late,2024-05-15,977
RT000460,OI0006801,ORD0004280,Arrived too late,2024-05-16,1799
RT000461,OI0006905,ORD0004343,Changed mind,2024-05-16,1649
RT000462,OI0006967,ORD0004384,Arrived too late,2024-05-16,8899
RT000463,OI0006652,ORD0004183,Arrived too late,2024-05-17,1399
RT000464,OI0006895,ORD0004336,Size or fit issue,2024-05-17,6499
RT000465,OI0006974,ORD0004388,Changed mind,2024-05-17,12664
RT000466,OI0007137,ORD0004486,Size or fit issue,2024-05-17,4899
RT000467,OI0006829,ORD0004297,Arrived too late,2024-05-18,4099
RT000468,OI0006853,ORD0004313,Size or fit issue,2024-05-18,2499
RT000469,OI0006927,ORD0004359,Arrived too late,2024-05-18,4099
RT000470,OI0007026,ORD0004419,Not as described,2024-05-18,24054
RT000471,OI0007159,ORD0004499,Arrived too late,2024-05-18,3499
RT000472,OI0007245,ORD0004552,Not as described,2024-05-18,5269
RT000473,OI0007024,ORD0004417,Size or fit issue,2024-05-19,3999
RT000474,OI0006791,ORD0004276,Defective or damaged,2024-05-20,3899
RT000475,OI0006963,ORD0004382,Defective or damaged,2024-05-20,1299
RT000476,OI0007010,ORD0004408,Changed mind,2024-05-20,6099
RT000477,OI0007014,ORD0004410,Not as described,2024-05-20,9199
RT000478,OI0007102,ORD0004467,Size or fit issue,2024-05-20,3199
RT000479,OI0007208,ORD0004531,Size or fit issue,2024-05-21,1499
RT000480,OI0007314,ORD0004600,Defective or damaged,2024-05-21,2294
RT000481,OI0007193,ORD0004524,Size or fit issue,2024-05-22,1999
RT000482,OI0007333,ORD0004612,Changed mind,2024-05-22,8699
RT000483,OI0007351,ORD0004626,Not as described,2024-05-22,3299
RT000484,OI0007457,ORD0004690,Size or fit issue,2024-05-22,3699
RT000485,OI0007007,ORD0004406,Not as described,2024-05-23,6999
RT000486,OI0007117,ORD0004476,Size or fit issue,2024-05-23,1699
RT000487,OI0007242,ORD0004550,Changed mind,2024-05-23,6099
RT000488,OI0007297,ORD0004586,Size or fit issue,2024-05-23,3484
RT000489,OI0007317,ORD0004602,Changed mind,2024-05-23,4099
RT000490,OI0007479,ORD0004701,Size or fit issue,2024-05-23,1699
RT000491,OI0007602,ORD0004774,Not as described,2024-05-23,3144
RT000492,OI0007329,ORD0004610,Changed mind,2024-05-24,3899
RT000493,OI0007369,ORD0004638,Size or fit issue,2024-05-24,2899
RT000494,OI0007554,ORD0004745,Not as described,2024-05-24,849
RT000495,OI0007154,ORD0004497,Changed mind,2024-05-25,4674
RT000496,OI0007533,ORD0004732,Not as described,2024-05-25,2599
RT000497,OI0007730,ORD0004855,Defective or damaged,2024-05-25,1749
RT000498,OI0007274,ORD0004569,Not as described,2024-05-26,2399
RT000499,OI0007357,ORD0004629,Defective or damaged,2024-05-26,9199
RT000500,OI0007358,ORD0004629,Size or fit issue,2024-05-26,4299
RT000501,OI0007376,ORD0004641,Size or fit issue,2024-05-26,3699
RT000502,OI0007421,ORD0004669,Size or fit issue,2024-05-26,1954
RT000503,OI0007420,ORD0004669,Changed mind,2024-05-27,5524
RT000504,OI0007661,ORD0004814,Not as described,2024-05-27,4999
RT000505,OI0007491,ORD0004709,Changed mind,2024-05-28,5199
RT000506,OI0007540,ORD0004735,Size or fit issue,2024-05-28,1999
RT000507,OI0007699,ORD0004840,Defective or damaged,2024-05-29,999
RT000508,OI0007770,ORD0004875,Not as described,2024-05-29,1402
RT000509,OI0007840,ORD0004925,Arrived too late,2024-05-29,4999
RT000510,OI0007485,ORD0004704,Arrived too late,2024-05-30,4099
RT000511,OI0007589,ORD0004767,Size or fit issue,2024-05-30,2199
RT000512,OI0007530,ORD0004730,Arrived too late,2024-05-31,1299
RT000513,OI0007574,ORD0004757,Defective or damaged,2024-05-31,949
RT000514,OI0007580,ORD0004762,Arrived too late,2024-05-31,2974
RT000515,OI0007695,ORD0004836,Defective or damaged,2024-05-31,3199
RT000516,OI0007743,ORD0004864,Not as described,2024-05-31,1549
RT000517,OI0007641,ORD0004802,Arrived too late,2024-06-01,4099
RT000518,OI0007706,ORD0004842,Not as described,2024-06-01,2999
RT000519,OI0007761,ORD0004870,Size or fit issue,2024-06-01,1499
RT000520,OI0007810,ORD0004904,Size or fit issue,2024-06-01,3499
RT000521,OI0008132,ORD0005110,Not as described,2024-06-01,2599
RT000522,OI0007714,ORD0004846,Not as described,2024-06-02,599
RT000523,OI0007729,ORD0004854,Arrived too late,2024-06-02,3824
RT000524,OI0007896,ORD0004959,Changed mind,2024-06-02,3399
RT000525,OI0007959,ORD0004998,Defective or damaged,2024-06-02,8099
RT000526,OI0007972,ORD0005007,Size or fit issue,2024-06-02,4799
RT000527,OI0008039,ORD0005051,Size or fit issue,2024-06-02,5399
RT000528,OI0007842,ORD0004927,Changed mind,2024-06-03,5499
RT000529,OI0007877,ORD0004948,Not as described,2024-06-03,1949
RT000530,OI0007897,ORD0004960,Not as described,2024-06-03,3099
RT000531,OI0007933,ORD0004984,Size or fit issue,2024-06-03,5499
RT000532,OI0007970,ORD0005005,Size or fit issue,2024-06-03,4099
RT000533,OI0008029,ORD0005044,Size or fit issue,2024-06-03,3299
RT000534,OI0008042,ORD0005053,Size or fit issue,2024-06-03,4099
RT000535,OI0008049,ORD0005058,Size or fit issue,2024-06-04,4899
RT000536,OI0008143,ORD0005116,Defective or damaged,2024-06-05,1299
RT000537,OI0008220,ORD0005172,Arrived too late,2024-06-05,999
RT000538,OI0008163,ORD0005129,Not as described,2024-06-06,4899
RT000539,OI0008172,ORD0005135,Defective or damaged,2024-06-06,467
RT000540,OI0008184,ORD0005145,Not as described,2024-06-06,3899
RT000541,OI0008187,ORD0005146,Defective or damaged,2024-06-06,1949
RT000542,OI0008199,ORD0005156,Arrived too late,2024-06-06,3499
RT000543,OI0008331,ORD0005250,Size or fit issue,2024-06-06,1599
RT000544,OI0008382,ORD0005282,Arrived too late,2024-06-06,2099
RT000545,OI0008476,ORD0005347,Arrived too late,2024-06-06,2999
RT000546,OI0008078,ORD0005077,Changed mind,2024-06-07,2199
RT000547,OI0008170,ORD0005134,Changed mind,2024-06-07,3299
RT000548,OI0008234,ORD0005184,Defective or damaged,2024-06-07,552
RT000549,OI0008361,ORD0005269,Size or fit issue,2024-06-07,2799
RT000550,OI0008444,ORD0005326,Not as described,2024-06-07,5399
RT000551,OI0008141,ORD0005115,Not as described,2024-06-08,4099
RT000552,OI0008380,ORD0005281,Size or fit issue,2024-06-08,2199
RT000553,OI0008235,ORD0005185,Size or fit issue,2024-06-09,4899
RT000554,OI0008288,ORD0005223,Size or fit issue,2024-06-09,5799
RT000555,OI0008375,ORD0005278,Defective or damaged,2024-06-10,1104
RT000556,OI0008388,ORD0005286,Size or fit issue,2024-06-10,2399
RT000557,OI0008535,ORD0005385,Size or fit issue,2024-06-10,3484
RT000558,OI0008626,ORD0005444,Size or fit issue,2024-06-10,3699
RT000559,OI0008763,ORD0005528,Changed mind,2024-06-10,949
RT000560,OI0008147,ORD0005120,Size or fit issue,2024-06-11,3299
RT000561,OI0008580,ORD0005414,Not as described,2024-06-12,2299
RT000562,OI0008730,ORD0005507,Size or fit issue,2024-06-12,3484
RT000563,OI0008774,ORD0005536,Changed mind,2024-06-12,637
RT000564,OI0008618,ORD0005440,Not as described,2024-06-13,8599
RT000565,OI0008638,ORD0005451,Size or fit issue,2024-06-13,3484
RT000566,OI0008632,ORD0005448,Not as described,2024-06-14,1299
RT000567,OI0008633,ORD0005449,Changed mind,2024-06-14,3229
RT000568,OI0008681,ORD0005477,Defective or damaged,2024-06-15,2719
RT000569,OI0008697,ORD0005486,Changed mind,2024-06-15,1099
RT000570,OI0008639,ORD0005451,Size or fit issue,2024-06-16,1657
RT000571,OI0008704,ORD0005490,Not as described,2024-06-16,3099
RT000572,OI0009040,ORD0005711,Size or fit issue,2024-06-16,764
RT000573,OI0009092,ORD0005747,Size or fit issue,2024-06-16,1799
RT000574,OI0008820,ORD0005568,Not as described,2024-06-17,3499
RT000575,OI0008837,ORD0005581,Not as described,2024-06-17,3999
RT000576,OI0008850,ORD0005589,Defective or damaged,2024-06-17,3899
RT000577,OI0008857,ORD0005594,Changed mind,2024-06-17,4999
RT000578,OI0008920,ORD0005634,Size or fit issue,2024-06-17,5439
RT000579,OI0008948,ORD0005649,Size or fit issue,2024-06-17,2599
RT000580,OI0008967,ORD0005662,Arrived too late,2024-06-17,4499
RT000581,OI0008992,ORD0005680,Defective or damaged,2024-06-17,2039
RT000582,OI0009017,ORD0005694,Not as described,2024-06-17,8329
RT000583,OI0009084,ORD0005741,Size or fit issue,2024-06-17,4099
RT000584,OI0009140,ORD0005779,Changed mind,2024-06-17,3299
RT000585,OI0008773,ORD0005535,Arrived too late,2024-06-18,4999
RT000586,OI0008808,ORD0005563,Defective or damaged,2024-06-18,1999
RT000587,OI0008809,ORD0005563,Size or fit issue,2024-06-18,4899
RT000588,OI0008873,ORD0005605,Not as described,2024-06-18,2599
RT000589,OI0008936,ORD0005643,Not as described,2024-06-18,6599
RT000590,OI0008941,ORD0005645,Defective or damaged,2024-06-18,1299
RT000591,OI0008964,ORD0005659,Not as described,2024-06-18,749
RT000592,OI0009055,ORD0005722,Changed mind,2024-06-18,8599
RT000593,OI0009062,ORD0005726,Size or fit issue,2024-06-18,4419
RT000594,OI0008929,ORD0005640,Size or fit issue,2024-06-19,949
RT000595,OI0009276,ORD0005875,Changed mind,2024-06-19,899
RT000596,OI0009075,ORD0005735,Changed mind,2024-06-20,799
RT000597,OI0009148,ORD0005783,Not as described,2024-06-20,2299
RT000598,OI0009202,ORD0005819,Not as described,2024-06-20,849
RT000599,OI0009283,ORD0005876,Arrived too late,2024-06-20,4099
RT000600,OI0009290,ORD0005882,Defective or damaged,2024-06-20,3699
RT000601,OI0009322,ORD0005900,Defective or damaged,2024-06-20,1149
RT000602,OI0009333,ORD0005906,Changed mind,2024-06-20,1999
RT000603,OI0009108,ORD0005759,Arrived too late,2024-06-21,699
RT000604,OI0009243,ORD0005852,Arrived too late,2024-06-21,899
RT000605,OI0009314,ORD0005896,Changed mind,2024-06-21,5999
RT000606,OI0009071,ORD0005732,Size or fit issue,2024-06-22,2299
RT000607,OI0009146,ORD0005782,Size or fit issue,2024-06-22,4999
RT000608,OI0009251,ORD0005859,Not as described,2024-06-22,3099
RT000609,OI0009316,ORD0005898,Arrived too late,2024-06-22,4199
RT000610,OI0009325,ORD0005901,Defective or damaged,2024-06-22,1149
RT000611,OI0009370,ORD0005929,Arrived too late,2024-06-22,6699
RT000612,OI0009382,ORD0005937,Not as described,2024-06-22,1399
RT000613,OI0009252,ORD0005860,Not as described,2024-06-23,4249
RT000614,OI0009436,ORD0005972,Arrived too late,2024-06-23,3899
RT000615,OI0009554,ORD0006044,Size or fit issue,2024-06-24,6499
RT000616,OI0009296,ORD0005884,Arrived too late,2024-06-25,4099
RT000617,OI0009474,ORD0005995,Changed mind,2024-06-25,3199
RT000618,OI0009377,ORD0005936,Size or fit issue,2024-06-26,3699
RT000619,OI0009441,ORD0005975,Changed mind,2024-06-27,2599
RT000620,OI0009607,ORD0006076,Defective or damaged,2024-06-27,1749
RT000621,OI0009794,ORD0006187,Not as described,2024-06-27,2599
RT000622,OI0009868,ORD0006233,Arrived too late,2024-06-27,1599
RT000623,OI0009975,ORD0006305,Not as described,2024-06-27,1399
RT000624,OI0009648,ORD0006102,Not as described,2024-06-28,949
RT000625,OI0009770,ORD0006172,Size or fit issue,2024-06-28,2199
RT000626,OI0009787,ORD0006181,Defective or damaged,2024-06-28,1299
RT000627,OI0009949,ORD0006287,Changed mind,2024-06-28,1599
RT000628,OI0009559,ORD0006046,Arrived too late,2024-06-29,3899
RT000629,OI0009610,ORD0006077,Arrived too late,2024-06-29,4249
RT000630,OI0009719,ORD0006143,Size or fit issue,2024-06-29,2499
RT000631,OI0009776,ORD0006176,Size or fit issue,2024-06-29,2799
RT000632,OI0009802,ORD0006193,Size or fit issue,2024-06-29,1999
RT000633,OI0009870,ORD0006235,Size or fit issue,2024-06-29,2299
RT000634,OI0009882,ORD0006242,Not as described,2024-06-29,1799
RT000635,OI0010105,ORD0006390,Size or fit issue,2024-06-29,2599
RT000636,OI0009492,ORD0006006,Size or fit issue,2024-06-30,4419
RT000637,OI0009526,ORD0006024,Arrived too late,2024-06-30,2799
RT000638,OI0009808,ORD0006198,Not as described,2024-06-30,2719
RT000639,OI0009887,ORD0006244,Defective or damaged,2024-06-30,449
RT000640,OI0009921,ORD0006269,Arrived too late,2024-06-30,3499
RT000641,OI0009593,ORD0006066,Defective or damaged,2024-07-01,1299
RT000642,OI0009712,ORD0006139,Defective or damaged,2024-07-01,977
RT000643,OI0009884,ORD0006243,Not as described,2024-07-01,4999
RT000644,OI0009504,ORD0006010,Arrived too late,2024-07-02,6499
RT000645,OI0009556,ORD0006045,Arrived too late,2024-07-02,3499
RT000646,OI0009570,ORD0006053,Size or fit issue,2024-07-02,4929
RT000647,OI0009687,ORD0006126,Defective or damaged,2024-07-02,8074
RT000648,OI0009780,ORD0006178,Changed mind,2024-07-02,3899
RT000649,OI0009883,ORD0006243,Not as described,2024-07-02,1399
RT000650,OI0010039,ORD0006352,Arrived too late,2024-07-02,1299
RT000651,OI0010054,ORD0006358,Size or fit issue,2024-07-02,1999
RT000652,OI0010074,ORD0006370,Size or fit issue,2024-07-02,1499
RT000653,OI0010128,ORD0006406,Not as described,2024-07-02,799
RT000654,OI0010134,ORD0006411,Not as described,2024-07-02,3899
RT000655,OI0010177,ORD0006435,Size or fit issue,2024-07-02,4899
RT000656,OI0009710,ORD0006138,Arrived too late,2024-07-03,5199
RT000657,OI0009789,ORD0006183,Arrived too late,2024-07-03,2599
RT000658,OI0009972,ORD0006304,Defective or damaged,2024-07-03,799
RT000659,OI0010217,ORD0006458,Arrived too late,2024-07-03,2199
RT000660,OI0009772,ORD0006173,Arrived too late,2024-07-04,7099
RT000661,OI0009916,ORD0006266,Defective or damaged,2024-07-04,1099
RT000662,OI0010147,ORD0006417,Size or fit issue,2024-07-04,3699
RT000663,OI0010265,ORD0006487,Defective or damaged,2024-07-04,1299
RT000664,OI0010369,ORD0006562,Arrived too late,2024-07-04,799
RT000665,OI0010483,ORD0006647,Changed mind,2024-07-04,1399
RT000666,OI0010085,ORD0006378,Defective or damaged,2024-07-05,3314
RT000667,OI0010292,ORD0006507,Defective or damaged,2024-07-05,1999
RT000668,OI0010289,ORD0006505,Size or fit issue,2024-07-06,2999
RT000669,OI0010136,ORD0006413,Changed mind,2024-07-07,3199
RT000670,OI0010143,ORD0006416,Size or fit issue,2024-07-07,1099
RT000671,OI0010278,ORD0006497,Not as described,2024-07-07,2499
RT000672,OI0010302,ORD0006515,Size or fit issue,2024-07-07,1999
RT000673,OI0010424,ORD0006603,Size or fit issue,2024-07-07,4099
RT000674,OI0010572,ORD0006702,Changed mind,2024-07-08,749
RT000675,OI0010616,ORD0006730,Not as described,2024-07-08,4799
RT000676,OI0010688,ORD0006776,Changed mind,2024-07-08,649
RT000677,OI0010724,ORD0006800,Not as described,2024-07-08,3999
RT000678,OI0010301,ORD0006514,Not as described,2024-07-09,4899
RT000679,OI0010662,ORD0006757,Changed mind,2024-07-09,1349
RT000680,OI0010570,ORD0006701,Not as described,2024-07-10,4899
RT000681,OI0010878,ORD0006914,Size or fit issue,2024-07-10,5499
RT000682,OI0010195,ORD0006445,Defective or damaged,2024-07-11,599
RT000683,OI0010325,ORD0006533,Changed mind,2024-07-11,5299
RT000684,OI0010549,ORD0006690,Size or fit issue,2024-07-11,4899
RT000685,OI0010595,ORD0006718,Size or fit issue,2024-07-11,3699
RT000686,OI0010813,ORD0006868,Size or fit issue,2024-07-11,5399
RT000687,OI0010823,ORD0006875,Not as described,2024-07-11,2199
RT000688,OI0010512,ORD0006668,Size or fit issue,2024-07-12,6799
RT000689,OI0010542,ORD0006688,Size or fit issue,2024-07-12,3824
RT000690,OI0010613,ORD0006729,Arrived too late,2024-07-12,1299
RT000691,OI0010780,ORD0006843,Defective or damaged,2024-07-12,2847
RT000692,OI0010819,ORD0006873,Size or fit issue,2024-07-12,2399
RT000693,OI0010341,ORD0006543,Size or fit issue,2024-07-13,3909
RT000694,OI0010393,ORD0006582,Defective or damaged,2024-07-13,1299
RT000695,OI0010541,ORD0006687,Defective or damaged,2024-07-13,807
RT000696,OI0010721,ORD0006798,Size or fit issue,2024-07-13,4099
RT000697,OI0010840,ORD0006886,Changed mind,2024-07-13,1849
RT000698,OI0010929,ORD0006947,Size or fit issue,2024-07-13,6099
RT000699,OI0010947,ORD0006960,Size or fit issue,2024-07-13,2199
RT000700,OI0010992,ORD0006986,Size or fit issue,2024-07-13,2999
RT000701,OI0010431,ORD0006609,Arrived too late,2024-07-14,6799
RT000702,OI0010925,ORD0006945,Defective or damaged,2024-07-14,1499
RT000703,OI0011046,ORD0007021,Changed mind,2024-07-14,1499
RT000704,OI0011109,ORD0007063,Defective or damaged,2024-07-14,10369
RT000705,OI0010667,ORD0006760,Not as described,2024-07-15,2799
RT000706,OI0010709,ORD0006790,Not as described,2024-07-15,3199
RT000707,OI0010824,ORD0006875,Changed mind,2024-07-15,5599
RT000708,OI0010961,ORD0006967,Not as described,2024-07-15,5779
RT000709,OI0011094,ORD0007053,Changed mind,2024-07-15,2124
RT000710,OI0011211,ORD0007132,Size or fit issue,2024-07-15,5999
RT000711,OI0010792,ORD0006851,Defective or damaged,2024-07-16,7819
RT000712,OI0010977,ORD0006977,Changed mind,2024-07-16,3699
RT000713,OI0011015,ORD0006999,Defective or damaged,2024-07-16,1699
RT000714,OI0011087,ORD0007048,Changed mind,2024-07-16,2799
RT000715,OI0011102,ORD0007059,Not as described,2024-07-16,4249
RT000716,OI0011000,ORD0006990,Not as described,2024-07-17,1529
RT000717,OI0011156,ORD0007093,Not as described,2024-07-17,1999
RT000718,OI0011285,ORD0007185,Size or fit issue,2024-07-17,2899
RT000719,OI0010864,ORD0006905,Changed mind,2024-07-18,3899
RT000720,OI0010886,ORD0006919,Changed mind,2024-07-18,3144
RT000721,OI0011287,ORD0007186,Size or fit issue,2024-07-18,1649
RT000722,OI0011349,ORD0007229,Size or fit issue,2024-07-18,4899
RT000723,OI0011097,ORD0007056,Defective or damaged,2024-07-19,2499
RT000724,OI8453729,ORD0007170,Not as described,2024-07-19,2199
RT000725,OI0011358,ORD0007234,Size or fit issue,2024-07-20,949
RT000726,OI0011365,ORD0007240,Not as described,2024-07-20,1399
RT000727,OI0011155,ORD0007092,Changed mind,2024-07-21,16699
RT000728,OI0011345,ORD0007227,Size or fit issue,2024-07-21,4899
RT000729,OI0011352,ORD0007230,Changed mind,2024-07-21,3699
RT000730,OI0011455,ORD0007297,Size or fit issue,2024-07-21,4164
RT000731,OI0011463,ORD0007302,Not as described,2024-07-21,4099
RT000732,OI0011496,ORD0007320,Size or fit issue,2024-07-21,4899
RT000733,OI0011683,ORD0007432,Not as described,2024-07-21,1999
RT000734,OI0011103,ORD0007059,Arrived too late,2024-07-22,5184
RT000735,OI0011228,ORD0007144,Changed mind,2024-07-22,1149
RT000736,OI0011337,ORD0007223,Not as described,2024-07-22,23799
RT000737,OI0011359,ORD0007235,Size or fit issue,2024-07-22,2634
RT000738,OI0011432,ORD0007281,Not as described,2024-07-22,4499
RT000739,OI0011482,ORD0007312,Defective or damaged,2024-07-22,12154
RT000740,OI0011508,ORD0007328,Not as described,2024-07-22,2889
RT000741,OI0011664,ORD0007420,Arrived too late,2024-07-22,1572
RT000742,OI0011686,ORD0007433,Arrived too late,2024-07-22,1699
RT000743,OI0011165,ORD0007099,Not as described,2024-07-23,799
RT000744,OI0011604,ORD0007385,Size or fit issue,2024-07-23,2399
RT000745,OI0011558,ORD0007359,Size or fit issue,2024-07-24,3599
RT000746,OI0011634,ORD0007402,Size or fit issue,2024-07-24,1099
RT000747,OI0011803,ORD0007510,Not as described,2024-07-24,2699
RT000748,OI0011820,ORD0007522,Not as described,2024-07-24,2599
RT000749,OI0011973,ORD0007612,Size or fit issue,2024-07-24,3799
RT000750,OI0011727,ORD0007459,Arrived too late,2024-07-25,1099
RT000751,OI0011784,ORD0007498,Defective or damaged,2024-07-25,30999
RT000752,OI0011809,ORD0007515,Size or fit issue,2024-07-25,3499
RT000753,OI0011674,ORD0007427,Defective or damaged,2024-07-26,40799
RT000754,OI0011707,ORD0007446,Arrived too late,2024-07-26,3199
RT000755,OI0011711,ORD0007449,Defective or damaged,2024-07-26,1149
RT000756,OI0011740,ORD0007469,Size or fit issue,2024-07-26,4674
RT000757,OI0011911,ORD0007572,Changed mind,2024-07-26,1649
RT000758,OI0011959,ORD0007600,Size or fit issue,2024-07-26,1399
RT000759,OI0012042,ORD0007657,Not as described,2024-07-26,7734
RT000760,OI0011821,ORD0007522,Not as described,2024-07-27,1549
RT000761,OI0011928,ORD0007584,Size or fit issue,2024-07-27,2699
RT000762,OI0011624,ORD0007397,Arrived too late,2024-07-28,3699
RT000763,OI0011690,ORD0007434,Arrived too late,2024-07-28,1104
RT000764,OI0011797,ORD0007506,Changed mind,2024-07-28,4899
RT000765,OI0011857,ORD0007542,Changed mind,2024-07-28,4999
RT000766,OI0011698,ORD0007440,Size or fit issue,2024-07-29,4899
RT000767,OI0011774,ORD0007492,Changed mind,2024-07-29,1049
RT000768,OI0011878,ORD0007553,Arrived too late,2024-07-29,3399
RT000769,OI0012230,ORD0007782,Size or fit issue,2024-07-29,8299
RT000770,OI0011752,ORD0007478,Not as described,2024-07-30,2699
RT000771,OI0011849,ORD0007538,Not as described,2024-07-30,3899
RT000772,OI0011951,ORD0007596,Size or fit issue,2024-07-30,1049
RT000773,OI0011957,ORD0007600,Defective or damaged,2024-07-30,3399
RT000774,OI0011778,ORD0007494,Changed mind,2024-07-31,18869
RT000775,OI0011819,ORD0007521,Defective or damaged,2024-07-31,1299
RT000776,OI0011887,ORD0007560,Changed mind,2024-07-31,899
RT000777,OI0012026,ORD0007647,Defective or damaged,2024-07-31,807
RT000778,OI0012056,ORD0007666,Changed mind,2024-07-31,1349
RT000779,OI0012188,ORD0007755,Defective or damaged,2024-07-31,382
RT000780,OI0012231,ORD0007782,Not as described,2024-07-31,3499
RT000781,OI0012313,ORD0007830,Changed mind,2024-07-31,2899
RT000782,OI0012107,ORD0007693,Size or fit issue,2024-08-02,2499
RT000783,OI0012243,ORD0007789,Not as described,2024-08-02,1299
RT000784,OI0012280,ORD0007809,Arrived too late,2024-08-02,4099
RT000785,OI0012351,ORD0007855,Not as described,2024-08-02,2299
RT000786,OI0012352,ORD0007856,Size or fit issue,2024-08-02,4899
RT000787,OI0012372,ORD0007871,Not as described,2024-08-02,2294
RT000788,OI0011775,ORD0007493,Size or fit issue,2024-08-03,3099
RT000789,OI0012104,ORD0007691,Not as described,2024-08-03,1999
RT000790,OI0012112,ORD0007698,Defective or damaged,2024-08-03,1299
RT000791,OI0012176,ORD0007744,Size or fit issue,2024-08-03,4999
RT000792,OI0012279,ORD0007808,Defective or damaged,2024-08-03,6799
RT000793,OI0012400,ORD0007886,Not as described,2024-08-03,2799
RT000794,OI0012677,ORD0008062,Size or fit issue,2024-08-03,1999
RT000795,OI0012299,ORD0007820,Size or fit issue,2024-08-04,4799
RT000796,OI0012432,ORD0007907,Defective or damaged,2024-08-04,599
RT000797,OI0012636,ORD0008036,Size or fit issue,2024-08-04,3699
RT000798,OI0012657,ORD0008051,Not as described,2024-08-04,599
RT000799,OI0012668,ORD0008056,Defective or damaged,2024-08-04,1799
RT000800,OI0012773,ORD0008124,Not as described,2024-08-04,2124
RT000801,OI0012226,ORD0007780,Defective or damaged,2024-08-05,10398
RT000802,OI0012307,ORD0007826,Defective or damaged,2024-08-05,6599
RT000803,OI0012336,ORD0007848,Changed mind,2024-08-05,3799
RT000804,OI0012569,ORD0007995,Size or fit issue,2024-08-05,4099
RT000805,OI0012716,ORD0008089,Size or fit issue,2024-08-05,4499
RT000806,OI0012719,ORD0008090,Not as described,2024-08-05,2799
RT000807,OI0012574,ORD0007997,Not as described,2024-08-06,3699
RT000808,OI0012680,ORD0008063,Changed mind,2024-08-06,8838
RT000809,OI0012840,ORD0008162,Defective or damaged,2024-08-06,30999
RT000810,OI0012495,ORD0007944,Defective or damaged,2024-08-07,3499
RT000811,OI0012563,ORD0007990,Changed mind,2024-08-07,8699
RT000812,OI0012699,ORD0008077,Not as described,2024-08-07,2999
RT000813,OI0012708,ORD0008084,Changed mind,2024-08-07,2199
RT000814,OI0012863,ORD0008175,Not as described,2024-08-07,84699
RT000815,OI0013059,ORD0008295,Not as described,2024-08-07,3399
RT000816,OI0012516,ORD0007960,Arrived too late,2024-08-08,2039
RT000817,OI0012573,ORD0007997,Size or fit issue,2024-08-08,2899
RT000818,OI0012726,ORD0008093,Changed mind,2024-08-08,2999
RT000819,OI0012999,ORD0008255,Not as described,2024-08-08,2399
RT000820,OI0012713,ORD0008087,Changed mind,2024-08-09,3144
RT000821,OI0012751,ORD0008108,Arrived too late,2024-08-09,3899
RT000822,OI0012954,ORD0008230,Defective or damaged,2024-08-09,2634
RT000823,OI0013022,ORD0008268,Changed mind,2024-08-09,14299
RT000824,OI0012599,ORD0008011,Not as described,2024-08-10,4699
RT000825,OI0012638,ORD0008037,Size or fit issue,2024-08-10,2999
RT000826,OI0012911,ORD0008207,Size or fit issue,2024-08-10,899
RT000827,OI0012980,ORD0008242,Size or fit issue,2024-08-10,2299
RT000828,OI0012852,ORD0008168,Defective or damaged,2024-08-11,7099
RT000829,OI0012955,ORD0008230,Arrived too late,2024-08-11,2209
RT000830,OI0013014,ORD0008264,Size or fit issue,2024-08-11,4999
RT000831,OI0013040,ORD0008281,Not as described,2024-08-11,4099
RT000832,OI0013197,ORD0008380,Size or fit issue,2024-08-11,4099
RT000833,OI0012922,ORD0008213,Changed mind,2024-08-12,467
RT000834,OI0012938,ORD0008220,Changed mind,2024-08-12,1049
RT000835,OI0012939,ORD0008220,Size or fit issue,2024-08-12,2599
RT000836,OI0013173,ORD0008367,Size or fit issue,2024-08-12,6099
RT000837,OI0013250,ORD0008417,Size or fit issue,2024-08-12,2799
RT000838,OI0013319,ORD0008460,Defective or damaged,2024-08-12,849
RT000839,OI0013334,ORD0008469,Not as described,2024-08-12,2699
RT000840,OI0012998,ORD0008254,Defective or damaged,2024-08-13,764
RT000841,OI0013163,ORD0008361,Size or fit issue,2024-08-13,807
RT000842,OI0013174,ORD0008368,Size or fit issue,2024-08-13,1999
RT000843,OI0013274,ORD0008431,Size or fit issue,2024-08-13,1049
RT000844,OI0013087,ORD0008310,Size or fit issue,2024-08-14,1799
RT000845,OI0013249,ORD0008417,Not as described,2024-08-14,3699
RT000846,OI0013558,ORD0008606,Size or fit issue,2024-08-14,4299
RT000847,OI0013407,ORD0008515,Size or fit issue,2024-08-15,2974
RT000848,OI0013433,ORD0008529,Size or fit issue,2024-08-15,4099
RT000849,OI0013686,ORD0008683,Changed mind,2024-08-15,1487
RT000850,OI0013697,ORD0008688,Defective or damaged,2024-08-15,2499
RT000851,OI0013735,ORD0008711,Size or fit issue,2024-08-15,4499
RT000852,OI0013755,ORD0008721,Changed mind,2024-08-15,649
RT000853,OI0013263,ORD0008425,Not as described,2024-08-16,3909
RT000854,OI0013269,ORD0008428,Defective or damaged,2024-08-16,11799
RT000855,OI0013275,ORD0008432,Size or fit issue,2024-08-16,6799
RT000856,OI0013328,ORD0008466,Defective or damaged,2024-08-16,9199
RT000857,OI0013355,ORD0008481,Not as described,2024-08-16,59299
RT000858,OI0013393,ORD0008506,Size or fit issue,2024-08-16,4099
RT000859,OI0013452,ORD0008541,Arrived too late,2024-08-16,5199
RT000860,OI0013499,ORD0008571,Size or fit issue,2024-08-16,3699
RT000861,OI8019458,ORD0008613,Size or fit issue,2024-08-16,3699
RT000862,OI0013581,ORD0008618,Arrived too late,2024-08-16,1649
RT000863,OI0013631,ORD0008648,Defective or damaged,2024-08-16,3799
RT000864,OI0013292,ORD0008442,Arrived too late,2024-08-17,4099
RT000865,OI0013673,ORD0008675,Arrived too late,2024-08-17,2299
RT000866,OI0013734,ORD0008711,Not as described,2024-08-17,3999
RT000867,OI0013793,ORD0008744,Defective or damaged,2024-08-18,2199
RT000868,OI0013844,ORD0008777,Size or fit issue,2024-08-18,2652
RT000869,OI0013858,ORD0008788,Changed mind,2024-08-18,1672
RT000870,OI0013384,ORD0008502,Not as described,2024-08-19,2599
RT000871,OI0013431,ORD0008527,Size or fit issue,2024-08-19,3399
RT000872,OI0013643,ORD0008656,Changed mind,2024-08-19,1599
RT000873,OI0013712,ORD0008699,Arrived too late,2024-08-19,2099
RT000874,OI0013923,ORD0008833,Arrived too late,2024-08-19,2959
RT000875,OI0013537,ORD0008595,Defective or damaged,2024-08-20,3799
RT000876,OI0013656,ORD0008664,Arrived too late,2024-08-20,599
RT000877,OI0013727,ORD0008707,Not as described,2024-08-20,5399
RT000878,OI0014194,ORD0009007,Defective or damaged,2024-08-20,1149
RT000879,OI0014247,ORD0009040,Changed mind,2024-08-20,3999
RT000880,OI0013593,ORD0008627,Size or fit issue,2024-08-21,949
RT000881,OI0013804,ORD0008751,Size or fit issue,2024-08-21,3484
RT000882,OI0013889,ORD0008812,Defective or damaged,2024-08-21,1630
RT000883,OI0013895,ORD0008818,Not as described,2024-08-21,1069
RT000884,OI0013952,ORD0008854,Changed mind,2024-08-21,6499
RT000885,OI0013961,ORD0008860,Arrived too late,2024-08-21,3999
RT000886,OI0014117,ORD0008962,Arrived too late,2024-08-21,2128
RT000887,OI0014315,ORD0009082,Size or fit issue,2024-08-21,1876
RT000888,OI0013668,ORD0008673,Size or fit issue,2024-08-22,7394
RT000889,OI0013838,ORD0008773,Size or fit issue,2024-08-22,1839
RT000890,OI0014190,ORD0009005,Defective or damaged,2024-08-22,588
RT000891,OI0014283,ORD0009064,Arrived too late,2024-08-22,4398
RT000892,OI0014029,ORD0008903,Arrived too late,2024-08-23,1432
RT000893,OI0014103,ORD0008952,Changed mind,2024-08-23,799
RT000894,OI0014174,ORD0008999,Not as described,2024-08-23,30999
RT000895,OI0014289,ORD0009067,Not as described,2024-08-23,1805
RT000896,OI0014314,ORD0009082,Changed mind,2024-08-23,3206
RT000897,OI0014333,ORD0009092,Defective or damaged,2024-08-23,2234
RT000898,OI0014438,ORD0009154,Size or fit issue,2024-08-23,1049
RT000899,OI0014105,ORD0008954,Changed mind,2024-08-24,4699
RT000900,OI0014329,ORD0009089,Not as described,2024-08-24,1210
RT000901,OI0014354,ORD0009105,Size or fit issue,2024-08-24,949
RT000902,OI0014485,ORD0009184,Not as described,2024-08-24,2499
RT000903,OI0014576,ORD0009246,Changed mind,2024-08-24,3899
RT000904,OI0013913,ORD0008828,Arrived too late,2024-08-25,2270
RT000905,OI0013937,ORD0008843,Arrived too late,2024-08-25,2744
RT000906,OI0013979,ORD0008873,Defective or damaged,2024-08-25,15699
RT000907,OI0014062,ORD0008923,Arrived too late,2024-08-25,4144
RT000908,OI0014145,ORD0008979,Defective or damaged,2024-08-25,3828
RT000909,OI0014182,ORD0009002,Not as described,2024-08-25,4498
RT000910,OI0014188,ORD0009004,Arrived too late,2024-08-25,26049
RT000911,OI0014282,ORD0009064,Arrived too late,2024-08-25,1048
RT000912,OI0014399,ORD0009132,Changed mind,2024-08-25,6799
RT000913,OI0013957,ORD0008857,Size or fit issue,2024-08-26,8699
RT000914,OI0013989,ORD0008878,Changed mind,2024-08-26,1685
RT000915,OI0014148,ORD0008982,Defective or damaged,2024-08-26,5490
RT000916,OI0014207,ORD0009016,Not as described,2024-08-26,3899
RT000917,OI0014260,ORD0009049,Defective or damaged,2024-08-26,55505
RT000918,OI0014291,ORD0009068,Changed mind,2024-08-26,3216
RT000919,OI0014358,ORD0009108,Defective or damaged,2024-08-26,2399
RT000920,OI0014379,ORD0009121,Size or fit issue,2024-08-26,1529
RT000921,OI0014387,ORD0009125,Arrived too late,2024-08-26,6299
RT000922,OI0014613,ORD0009273,Size or fit issue,2024-08-26,3599
RT000923,OI0014790,ORD0009382,Size or fit issue,2024-08-26,949
RT000924,OI0013934,ORD0008840,Arrived too late,2024-08-27,14299
RT000925,OI0014127,ORD0008967,Size or fit issue,2024-08-27,2704
RT000926,OI0014142,ORD0008977,Defective or damaged,2024-08-27,3199
RT000927,OI0014224,ORD0009028,Defective or damaged,2024-08-27,5609
RT000928,OI0014250,ORD0009043,Defective or damaged,2024-08-27,14299
RT000929,OI0014313,ORD0009081,Not as described,2024-08-27,5439
RT000930,OI0014342,ORD0009096,Size or fit issue,2024-08-27,1949
RT000931,OI0014567,ORD0009239,Arrived too late,2024-08-27,4099
RT000932,OI0014648,ORD0009296,Defective or damaged,2024-08-27,898
RT000933,OI0014850,ORD0009422,Defective or damaged,2024-08-27,1899
RT000934,OI0014909,ORD0009459,Defective or damaged,2024-08-27,764
RT000935,OI0014349,ORD0009101,Size or fit issue,2024-08-28,6099
RT000936,OI0014640,ORD0009290,Arrived too late,2024-08-28,6099
RT000937,OI0014806,ORD0009393,Size or fit issue,2024-08-28,4899
RT000938,OI0014816,ORD0009401,Size or fit issue,2024-08-28,2599
RT000939,OI0014954,ORD0009487,Defective or damaged,2024-08-28,1049
RT000940,OI0015007,ORD0009526,Size or fit issue,2024-08-28,3499
RT000941,OI0015190,ORD0009641,Changed mind,2024-08-28,3699
RT000942,OI0014362,ORD0009109,Arrived too late,2024-08-29,977
RT000943,OI0014467,ORD0009171,Changed mind,2024-08-29,1949
RT000944,OI0014522,ORD0009206,Not as described,2024-08-29,2889
RT000945,OI0014575,ORD0009245,Size or fit issue,2024-08-29,2999
RT000946,OI0014588,ORD0009255,Changed mind,2024-08-29,2899
RT000947,OI0014644,ORD0009294,Size or fit issue,2024-08-29,4899
RT000948,OI0014765,ORD0009368,Arrived too late,2024-08-29,1018
RT000949,OI0014783,ORD0009377,Not as described,2024-08-29,3059
RT000950,OI0014935,ORD0009472,Not as described,2024-08-29,3699
RT000951,OI0015027,ORD0009539,Not as described,2024-08-29,3599
RT000952,OI0015041,ORD0009547,Arrived too late,2024-08-29,799
RT000953,OI0015183,ORD0009637,Size or fit issue,2024-08-29,6499
RT000954,OI0014422,ORD0009143,Not as described,2024-08-30,1099
RT000955,OI0014481,ORD0009181,Defective or damaged,2024-08-30,4499
RT000956,OI0014674,ORD0009314,Changed mind,2024-08-30,7054
RT000957,OI0014702,ORD0009331,Changed mind,2024-08-30,6099
RT000958,OI0014735,ORD0009351,Defective or damaged,2024-08-30,4249
RT000959,OI0014894,ORD0009449,Not as described,2024-08-30,1299
RT000960,OI0015129,ORD0009601,Defective or damaged,2024-08-30,6799
RT000961,OI0014421,ORD0009143,Arrived too late,2024-08-31,1999
RT000962,OI0014697,ORD0009327,Arrived too late,2024-08-31,8999
RT000963,OI0014757,ORD0009362,Arrived too late,2024-08-31,1869
RT000964,OI0014787,ORD0009379,Not as described,2024-08-31,2399
RT000965,OI0015228,ORD0009669,Size or fit issue,2024-08-31,2599
RT000966,OI0015266,ORD0009692,Defective or damaged,2024-08-31,2599
RT000967,OI0015362,ORD0009750,Changed mind,2024-08-31,1299
RT000968,OI0014615,ORD0009273,Defective or damaged,2024-09-01,3299
RT000969,OI0014661,ORD0009306,Arrived too late,2024-09-01,3999
RT000970,OI0014892,ORD0009448,Size or fit issue,2024-09-01,6499
RT000971,OI0014998,ORD0009517,Arrived too late,2024-09-01,849
RT000972,OI0015181,ORD0009636,Changed mind,2024-09-01,5299
RT000973,OI0015289,ORD0009706,Size or fit issue,2024-09-01,4249
RT000974,OI0015361,ORD0009749,Changed mind,2024-09-01,1869
RT000975,OI0014704,ORD0009333,Size or fit issue,2024-09-02,1499
RT000976,OI0015070,ORD0009563,Size or fit issue,2024-09-02,2899
RT000977,OI0015171,ORD0009628,Not as described,2024-09-02,3699
RT000978,OI0015315,ORD0009719,Size or fit issue,2024-09-02,3399
RT000979,OI0015397,ORD0009772,Not as described,2024-09-02,4899
RT000980,OI0014691,ORD0009321,Not as described,2024-09-03,2099
RT000981,OI0014724,ORD0009344,Not as described,2024-09-03,4099
RT000982,OI0014727,ORD0009347,Not as described,2024-09-03,7398
RT000983,OI0015031,ORD0009541,Arrived too late,2024-09-03,5799
RT000984,OI0015035,ORD0009545,Size or fit issue,2024-09-03,4099
RT000985,OI0015142,ORD0009610,Changed mind,2024-09-03,3299
RT000986,OI0015455,ORD0009814,Changed mind,2024-09-03,4899
RT000987,OI0015545,ORD0009872,Size or fit issue,2024-09-03,4999
RT000988,OI0015588,ORD0009899,Defective or damaged,2024-09-03,4099
RT000989,OI0015150,ORD0009615,Size or fit issue,2024-09-04,1869
RT000990,OI0015264,ORD0009690,Defective or damaged,2024-09-04,1499
RT000991,OI0015453,ORD0009812,Defective or damaged,2024-09-05,34679
RT000992,OI0015479,ORD0009830,Changed mind,2024-09-05,4899
RT000993,OI0015483,ORD0009832,Defective or damaged,2024-09-05,4899
RT000994,OI0015647,ORD0009936,Size or fit issue,2024-09-05,949
RT000995,OI0015218,ORD0009662,Arrived too late,2024-09-06,5799
RT000996,OI0015339,ORD0009737,Not as described,2024-09-06,5199
RT000997,OI0015403,ORD0009776,Not as described,2024-09-06,1499
RT000998,OI0015426,ORD0009792,Changed mind,2024-09-06,934
RT000999,OI0015435,ORD0009799,Size or fit issue,2024-09-06,1649
RT001000,OI0015379,ORD0009761,Not as described,2024-09-07,3199
